source_document,source_url,survey_start,survey_end,publication_period,currency_code,category,item_code,item_name,specification,unit_of_measure,quantity,price_embu,price_kisumu,price_nakuru,price_mombasa,price_nairobi,price_all,price_status,source_status
PPRA Market Reference Guide April 2026,https://ppra.go.ke/mrg-april-2026/,2026-02-16,2026-03-08,2026-04,KES,Building Materials,10021,Lime-Hydrated,,Kg,25,766.31,875.10,797.14,704.16,799.10,786.42,indicative_reference,official_public_reference
PPRA Market Reference Guide April 2026,https://ppra.go.ke/mrg-april-2026/,2026-02-16,2026-03-08,2026-04,KES,Building Materials,10031,Tile Grout,,Kg,0.5,135.97,138.74,106.39,122.47,104.82,120.84,indicative_reference,official_public_reference
PPRA Market Reference Guide April 2026,https://ppra.go.ke/mrg-april-2026/,2026-02-16,2026-03-08,2026-04,KES,Building Materials,10052,Ladder,,Steps,8,16431.68,15303.77,12695.41,10569.11,8912.91,12463.41,indicative_reference,official_public_reference
PPRA Market Reference Guide April 2026,https://ppra.go.ke/mrg-april-2026/,2026-02-16,2026-03-08,2026-04,KES,Building Materials,10053,Ladder,,Steps,14,,22819.10,15534.62,18923.52,18793.77,18843.16,indicative_reference,official_public_reference
PPRA Market Reference Guide April 2026,https://ppra.go.ke/mrg-april-2026/,2026-02-16,2026-03-08,2026-04,KES,Building Materials,10111,Safety Gum Boots,,Pair,1,,2361.43,2615.27,2307.48,2499.00,2819.12,indicative_reference,official_public_reference
PPRA Market Reference Guide April 2026,https://ppra.go.ke/mrg-april-2026/,2026-02-16,2026-03-08,2026-04,KES,Building Materials,10131,Safety Helmets,,Pieces,1,250.00,412.24,278.89,317.25,337.63,314.54,indicative_reference,official_public_reference
PPRA Market Reference Guide April 2026,https://ppra.go.ke/mrg-april-2026/,2026-02-16,2026-03-08,2026-04,KES,Building Materials,10141,Safety Glass/Spectacles,,Pieces,1,306.39,486.20,424.10,337.90,348.07,375.15,indicative_reference,official_public_reference
PPRA Market Reference Guide April 2026,https://ppra.go.ke/mrg-april-2026/,2026-02-16,2026-03-08,2026-04,KES,Building Materials,10151,Ordinary Safety Shoes,,Pair,1,3699.32,3066.41,2416.03,2639.54,2319.87,2785.92,indicative_reference,official_public_reference
PPRA Market Reference Guide April 2026,https://ppra.go.ke/mrg-april-2026/,2026-02-16,2026-03-08,2026-04,KES,Building Materials,10211,Hand Gloves,,Pair,1,421.40,283.41,336.40,290.10,336.01,330.04,indicative_reference,official_public_reference
PPRA Market Reference Guide April 2026,https://ppra.go.ke/mrg-april-2026/,2026-02-16,2026-03-08,2026-04,KES,Building Materials,10231,Chain-link 1200mm Wide x,,Pieces,1,2656.65,3484.93,3068.86,3271.00,3761.73,3226.37,indicative_reference,official_public_reference
PPRA Market Reference Guide April 2026,https://ppra.go.ke/mrg-april-2026/,2026-02-16,2026-03-08,2026-04,KES,Building Materials,10242,Paint - Black bituminous,,Litre,4,2569.05,2677.03,2368.71,2497.30,2477.44,2515.83,indicative_reference,official_public_reference
PPRA Market Reference Guide April 2026,https://ppra.go.ke/mrg-april-2026/,2026-02-16,2026-03-08,2026-04,KES,Building Materials,10281,Ceramic wall tiles,,Square-meter,1,1162.99,1112.53,1208.73,1376.00,1188.28,1206.57,indicative_reference,official_public_reference
PPRA Market Reference Guide April 2026,https://ppra.go.ke/mrg-april-2026/,2026-02-16,2026-03-08,2026-04,KES,Building Materials,10331,Porcelain floor tiles,,Square-meter,1,1411.53,2020.49,2084.08,1767.24,1714.51,1782.78,indicative_reference,official_public_reference
PPRA Market Reference Guide April 2026,https://ppra.go.ke/mrg-april-2026/,2026-02-16,2026-03-08,2026-04,KES,Building Materials,10361,Ceramic floor tiles,,Square-meter,1,1065.60,1563.08,1213.07,1476.22,1361.00,1323.41,indicative_reference,official_public_reference
PPRA Market Reference Guide April 2026,https://ppra.go.ke/mrg-april-2026/,2026-02-16,2026-03-08,2026-04,KES,Building Materials,10441,Medium Density Fibre (MDF) board - 25mm thick long,,Pieces,1,2566.30,3752.73,3312.14,3435.74,3025.64,3192.42,indicative_reference,official_public_reference
PPRA Market Reference Guide April 2026,https://ppra.go.ke/mrg-april-2026/,2026-02-16,2026-03-08,2026-04,KES,Building Materials,10451,Gypsum board - 12mm thick x 1200mm wide x,,Pieces,1,932.17,940.02,925.44,1279.93,1129.72,1032.35,indicative_reference,official_public_reference
PPRA Market Reference Guide April 2026,https://ppra.go.ke/mrg-april-2026/,2026-02-16,2026-03-08,2026-04,KES,Building Materials,10461,Chip board- 12mm thick x long,,Pieces,1,800.00,1054.65,1079.98,,1538.11,1359.27,indicative_reference,official_public_reference
PPRA Market Reference Guide April 2026,https://ppra.go.ke/mrg-april-2026/,2026-02-16,2026-03-08,2026-04,KES,Building Materials,10481,Wooden plywood- 12mm thick x 1200mm wide x,,Pieces,1,1000.00,660.18,2808.67,2213.27,1364.85,1411.42,indicative_reference,official_public_reference
PPRA Market Reference Guide April 2026,https://ppra.go.ke/mrg-april-2026/,2026-02-16,2026-03-08,2026-04,KES,Building Materials,10491,"Cement- Ordinary Cement,",,Pieces,1,762.37,859.75,803.80,737.16,813.25,794.14,indicative_reference,official_public_reference
PPRA Market Reference Guide April 2026,https://ppra.go.ke/mrg-april-2026/,2026-02-16,2026-03-08,2026-04,KES,Building Materials,10542,Reinforcement Steel Bar,,Pieces,1,9800.00,11000.00,,,,10382.68,indicative_reference,official_public_reference
PPRA Market Reference Guide April 2026,https://ppra.go.ke/mrg-april-2026/,2026-02-16,2026-03-08,2026-04,KES,Building Materials,10551,Reinforcement-2.1m x48m,,Pieces,1,28982.75,24447.02,,14852.18,19145.36,15024.52,indicative_reference,official_public_reference
PPRA Market Reference Guide April 2026,https://ppra.go.ke/mrg-april-2026/,2026-02-16,2026-03-08,2026-04,KES,Building Materials,10571,Hoop iron- 25 mm wide x 3 mm thick,,Pieces,1,1877.48,3085.83,2623.20,3125.57,2280.72,2552.44,indicative_reference,official_public_reference
PPRA Market Reference Guide April 2026,https://ppra.go.ke/mrg-april-2026/,2026-02-16,2026-03-08,2026-04,KES,Building Materials,10581,Dump Proof Course (DPC) -,,Pieces,1,2000.00,2669.73,2460.83,2753.57,2256.43,2412.01,indicative_reference,official_public_reference
PPRA Market Reference Guide April 2026,https://ppra.go.ke/mrg-april-2026/,2026-02-16,2026-03-08,2026-04,KES,Building Materials,10651,Anti termite treatment,,Litre,1,2500.00,2622.57,2448.64,2342.42,1739.06,2307.35,indicative_reference,official_public_reference
PPRA Market Reference Guide April 2026,https://ppra.go.ke/mrg-april-2026/,2026-02-16,2026-03-08,2026-04,KES,Building Materials,10661,Binding wire- 25kg Roll,,Pieces,1,3054.93,3295.56,3434.90,3186.63,3333.50,3258.48,indicative_reference,official_public_reference
PPRA Market Reference Guide April 2026,https://ppra.go.ke/mrg-april-2026/,2026-02-16,2026-03-08,2026-04,KES,Building Materials,10881,Unpainted Roofing sheet- GCI Gauge 30,,Pieces,1,1350.00,1045.37,1179.56,1266.10,1274.32,1218.47,indicative_reference,official_public_reference
PPRA Market Reference Guide April 2026,https://ppra.go.ke/mrg-april-2026/,2026-02-16,2026-03-08,2026-04,KES,Building Materials,11101,UPVC rain water round down pipes - 110 mm diameter x 6000 mm long,,Pieces,1,1268.85,1520.97,1200.40,1213.84,1490.70,1331.93,indicative_reference,official_public_reference
PPRA Market Reference Guide April 2026,https://ppra.go.ke/mrg-april-2026/,2026-02-16,2026-03-08,2026-04,KES,Waterworks,30011,Water Meters,Diameter 20mm,,,1114.96,1899.77,1360.29,2481.48,3000.00,1512.23,indicative_reference,official_public_reference
PPRA Market Reference Guide April 2026,https://ppra.go.ke/mrg-april-2026/,2026-02-16,2026-03-08,2026-04,KES,Waterworks,30021,RN/Allen Key,9 Piece Set,,,653.16,648.57,556.63,1206.63,1103.90,751.87,indicative_reference,official_public_reference
PPRA Market Reference Guide April 2026,https://ppra.go.ke/mrg-april-2026/,2026-02-16,2026-03-08,2026-04,KES,Waterworks,30032,Adjustable spanner,200mm long,,,774.60,930.55,689.36,805.00,1222.91,769.04,indicative_reference,official_public_reference
PPRA Market Reference Guide April 2026,https://ppra.go.ke/mrg-april-2026/,2026-02-16,2026-03-08,2026-04,KES,Waterworks,30051,Pipe Jointing Compound,200 Grams,,,150.67,183.12,158.88,193.10,165.06,199.05,indicative_reference,official_public_reference
PPRA Market Reference Guide April 2026,https://ppra.go.ke/mrg-april-2026/,2026-02-16,2026-03-08,2026-04,KES,Waterworks,30061,Roofing Nails,1 Kg,,,220.84,265.33,240.59,324.04,253.10,277.48,indicative_reference,official_public_reference
PPRA Market Reference Guide April 2026,https://ppra.go.ke/mrg-april-2026/,2026-02-16,2026-03-08,2026-04,KES,Waterworks,30071,Iron Sheets,3 metres long - G30,,,1212.85,1053.23,1235.66,1263.29,1412.80,949.18,indicative_reference,official_public_reference
PPRA Market Reference Guide April 2026,https://ppra.go.ke/mrg-april-2026/,2026-02-16,2026-03-08,2026-04,KES,Waterworks,30082,Welding Rods,Per Box of 5Kg,,,1146.39,989.78,1118.09,1633.79,1241.65,892.36,indicative_reference,official_public_reference
PPRA Market Reference Guide April 2026,https://ppra.go.ke/mrg-april-2026/,2026-02-16,2026-03-08,2026-04,KES,Waterworks,30091,Grinder Brush thick,"230mm diameter,6mm",,,516.14,698.80,466.23,583.95,595.79,460.49,indicative_reference,official_public_reference
PPRA Market Reference Guide April 2026,https://ppra.go.ke/mrg-april-2026/,2026-02-16,2026-03-08,2026-04,KES,Waterworks,30102,Grinding Disk,Diameter 180mm,,,200.00,204.83,243.41,301.50,253.37,210.70,indicative_reference,official_public_reference
PPRA Market Reference Guide April 2026,https://ppra.go.ke/mrg-april-2026/,2026-02-16,2026-03-08,2026-04,KES,Waterworks,30111,Cutting Disk,Diameter 175mm,,,223.61,194.50,228.94,217.18,236.57,195.86,indicative_reference,official_public_reference
PPRA Market Reference Guide April 2026,https://ppra.go.ke/mrg-april-2026/,2026-02-16,2026-03-08,2026-04,KES,Waterworks,30112,Cutting Disk,Diameter 180mm,,,126.58,192.02,218.22,256.06,208.50,177.97,indicative_reference,official_public_reference
PPRA Market Reference Guide April 2026,https://ppra.go.ke/mrg-april-2026/,2026-02-16,2026-03-08,2026-04,KES,Waterworks,30113,Cutting Disk,Diameter 225mm,,,193.50,220.99,208.45,271.87,214.51,193.97,indicative_reference,official_public_reference
PPRA Market Reference Guide April 2026,https://ppra.go.ke/mrg-april-2026/,2026-02-16,2026-03-08,2026-04,KES,Waterworks,30121,Turpentine,1L,,,295.63,331.74,288.44,328.64,316.04,243.96,indicative_reference,official_public_reference
PPRA Market Reference Guide April 2026,https://ppra.go.ke/mrg-april-2026/,2026-02-16,2026-03-08,2026-04,KES,Waterworks,30132,Water Proof Cement,1Kg,,,158.02,144.86,152.74,153.52,191.27,137.77,indicative_reference,official_public_reference
PPRA Market Reference Guide April 2026,https://ppra.go.ke/mrg-april-2026/,2026-02-16,2026-03-08,2026-04,KES,Waterworks,30151,UPVC Tee,25mm,,,51.86,94.68,79.58,76.27,69.92,69.38,indicative_reference,official_public_reference
PPRA Market Reference Guide April 2026,https://ppra.go.ke/mrg-april-2026/,2026-02-16,2026-03-08,2026-04,KES,Waterworks,30161,UPVC Valve Socket,20mm,,,32.24,27.67,37.32,33.44,93.64,43.80,indicative_reference,official_public_reference
PPRA Market Reference Guide April 2026,https://ppra.go.ke/mrg-april-2026/,2026-02-16,2026-03-08,2026-04,KES,Waterworks,30171,UPVC Reducing Bush,25mm x 20mm,,,47.82,40.51,44.27,46.82,49.45,49.77,indicative_reference,official_public_reference
PPRA Market Reference Guide April 2026,https://ppra.go.ke/mrg-april-2026/,2026-02-16,2026-03-08,2026-04,KES,Waterworks,30181,UPVC Elbows,20mm,,,30.74,34.01,35.95,39.46,51.82,44.72,indicative_reference,official_public_reference
PPRA Market Reference Guide April 2026,https://ppra.go.ke/mrg-april-2026/,2026-02-16,2026-03-08,2026-04,KES,Waterworks,30191,UPVC Pipes,"20mm, 6 metres long",,,184.01,230.72,254.57,323.87,305.80,210.55,indicative_reference,official_public_reference
PPRA Market Reference Guide April 2026,https://ppra.go.ke/mrg-april-2026/,2026-02-16,2026-03-08,2026-04,KES,Waterworks,30201,PVC Tee,60mm,,,259.62,157.69,247.27,333.52,300.23,214.40,indicative_reference,official_public_reference
PPRA Market Reference Guide April 2026,https://ppra.go.ke/mrg-april-2026/,2026-02-16,2026-03-08,2026-04,KES,Waterworks,30202,PVC Tee,25mm,,,42.00,83.67,39.84,,43.95,65.96,indicative_reference,official_public_reference
PPRA Market Reference Guide April 2026,https://ppra.go.ke/mrg-april-2026/,2026-02-16,2026-03-08,2026-04,KES,Waterworks,30211,PVC Valve Socket,20mm,,,23.28,58.74,26.33,39.26,32.05,49.66,indicative_reference,official_public_reference
PPRA Market Reference Guide April 2026,https://ppra.go.ke/mrg-april-2026/,2026-02-16,2026-03-08,2026-04,KES,Waterworks,30212,PVC Valve Socket,50mm,,,165.10,143.12,115.66,110.29,238.76,173.47,indicative_reference,official_public_reference
PPRA Market Reference Guide April 2026,https://ppra.go.ke/mrg-april-2026/,2026-02-16,2026-03-08,2026-04,KES,Waterworks,30221,PVC Reducing Bush,25mm x 20mm,,,47.29,66.67,34.23,50.34,54.47,70.63,indicative_reference,official_public_reference
PPRA Market Reference Guide April 2026,https://ppra.go.ke/mrg-april-2026/,2026-02-16,2026-03-08,2026-04,KES,Waterworks,30231,PVC waste Elbows,20mm,,,29.10,56.33,36.17,,36.10,58.53,indicative_reference,official_public_reference
PPRA Market Reference Guide April 2026,https://ppra.go.ke/mrg-april-2026/,2026-02-16,2026-03-08,2026-04,KES,Waterworks,30241,PVC Waste Pipes,"20mm, 6 metres long",,,182.51,456.45,276.82,700.00,327.62,324.96,indicative_reference,official_public_reference
PPRA Market Reference Guide April 2026,https://ppra.go.ke/mrg-april-2026/,2026-02-16,2026-03-08,2026-04,KES,Waterworks,30301,Conceal - Sealant,Silicone 250g,,,250.00,246.48,261.07,232.79,254.12,225.06,indicative_reference,official_public_reference
PPRA Market Reference Guide April 2026,https://ppra.go.ke/mrg-april-2026/,2026-02-16,2026-03-08,2026-04,KES,Waterworks,30302,Conceal - Sealant,Silicone 500g,,,1000.00,397.12,557.74,837.26,578.36,472.07,indicative_reference,official_public_reference
PPRA Market Reference Guide April 2026,https://ppra.go.ke/mrg-april-2026/,2026-02-16,2026-03-08,2026-04,KES,Waterworks,30322,PVC Glue - Water Works,250g,,,465.55,496.31,519.05,492.97,545.58,361.97,indicative_reference,official_public_reference
PPRA Market Reference Guide April 2026,https://ppra.go.ke/mrg-april-2026/,2026-02-16,2026-03-08,2026-04,KES,Waterworks,30323,PVC Glue - Water Works,500g,,,774.60,808.32,783.15,776.69,787.76,498.06,indicative_reference,official_public_reference
PPRA Market Reference Guide April 2026,https://ppra.go.ke/mrg-april-2026/,2026-02-16,2026-03-08,2026-04,KES,Waterworks,30324,PVC Glue - Water Works,1Kg,,,1267.85,1325.43,1333.61,1473.48,1310.47,751.48,indicative_reference,official_public_reference
PPRA Market Reference Guide April 2026,https://ppra.go.ke/mrg-april-2026/,2026-02-16,2026-03-08,2026-04,KES,Waterworks,30371,Tap Lockable Peglar,20mm,,,608.83,633.66,617.00,543.06,656.97,391.68,indicative_reference,official_public_reference
PPRA Market Reference Guide April 2026,https://ppra.go.ke/mrg-april-2026/,2026-02-16,2026-03-08,2026-04,KES,Waterworks,30381,PPR Tee,20mm,,,23.47,27.81,27.57,36.77,32.11,34.26,indicative_reference,official_public_reference
PPRA Market Reference Guide April 2026,https://ppra.go.ke/mrg-april-2026/,2026-02-16,2026-03-08,2026-04,KES,Waterworks,30391,PPR Socket,20mm,,,21.04,22.11,27.42,43.80,30.97,34.07,indicative_reference,official_public_reference
PPRA Market Reference Guide April 2026,https://ppra.go.ke/mrg-april-2026/,2026-02-16,2026-03-08,2026-04,KES,Waterworks,30401,PPR Female Elbow,20mm x 20mm,,,47.96,46.86,47.87,70.00,49.67,58.62,indicative_reference,official_public_reference
PPRA Market Reference Guide April 2026,https://ppra.go.ke/mrg-april-2026/,2026-02-16,2026-03-08,2026-04,KES,Waterworks,30411,PPR F/Adaptor Elbow,25mm x 25mm,,,51.08,53.32,54.30,76.49,50.12,63.94,indicative_reference,official_public_reference
PPRA Market Reference Guide April 2026,https://ppra.go.ke/mrg-april-2026/,2026-02-16,2026-03-08,2026-04,KES,Waterworks,30421,PPR Elbow Plain,25mm,,,30.40,27.97,31.38,36.30,35.10,41.87,indicative_reference,official_public_reference
PPRA Market Reference Guide April 2026,https://ppra.go.ke/mrg-april-2026/,2026-02-16,2026-03-08,2026-04,KES,Waterworks,30431,PPR Plug Cap,25mm,,,39.92,30.91,34.06,31.48,41.11,50.37,indicative_reference,official_public_reference
PPRA Market Reference Guide April 2026,https://ppra.go.ke/mrg-april-2026/,2026-02-16,2026-03-08,2026-04,KES,Waterworks,30441,PPR Female Adaptors,25mm x 20mm,,,58.17,43.92,47.62,71.27,54.52,79.30,indicative_reference,official_public_reference
PPRA Market Reference Guide April 2026,https://ppra.go.ke/mrg-april-2026/,2026-02-16,2026-03-08,2026-04,KES,Waterworks,30451,PPR Pipes,20mm diameter -,,,233.05,228.30,200.37,370.94,352.74,323.63,indicative_reference,official_public_reference
PPRA Market Reference Guide April 2026,https://ppra.go.ke/mrg-april-2026/,2026-02-16,2026-03-08,2026-04,KES,Waterworks,30461,HDPE Tee,40mm,,,600.00,569.98,416.20,566.13,600.16,597.32,indicative_reference,official_public_reference
PPRA Market Reference Guide April 2026,https://ppra.go.ke/mrg-april-2026/,2026-02-16,2026-03-08,2026-04,KES,Waterworks,30471,HDPE Reducing Coupling,40mm x 50mm,,,861.77,641.52,438.51,469.48,667.24,591.66,indicative_reference,official_public_reference
PPRA Market Reference Guide April 2026,https://ppra.go.ke/mrg-april-2026/,2026-02-16,2026-03-08,2026-04,KES,Waterworks,30481,HDPE End Caps,32mm,,,250.00,243.63,245.95,284.60,333.15,286.69,indicative_reference,official_public_reference
PPRA Market Reference Guide April 2026,https://ppra.go.ke/mrg-april-2026/,2026-02-16,2026-03-08,2026-04,KES,Waterworks,30491,HDPE Elbow,32mm,,,217.79,290.96,228.44,293.18,319.91,280.14,indicative_reference,official_public_reference
PPRA Market Reference Guide April 2026,https://ppra.go.ke/mrg-april-2026/,2026-02-16,2026-03-08,2026-04,KES,Waterworks,30501,HDPE Coupling,40mm,,,300.00,543.25,268.89,382.47,372.80,357.93,indicative_reference,official_public_reference
PPRA Market Reference Guide April 2026,https://ppra.go.ke/mrg-april-2026/,2026-02-16,2026-03-08,2026-04,KES,Waterworks,30511,HDPE Female Adaptor,32mm,,,259.00,357.39,185.95,313.74,328.00,288.78,indicative_reference,official_public_reference
PPRA Market Reference Guide April 2026,https://ppra.go.ke/mrg-april-2026/,2026-02-16,2026-03-08,2026-04,KES,Waterworks,30521,HDPE Pipe,32mm 100mtrs,,,7632.32,7899.60,6208.24,6648.31,5043.74,3216.07,indicative_reference,official_public_reference
PPRA Market Reference Guide April 2026,https://ppra.go.ke/mrg-april-2026/,2026-02-16,2026-03-08,2026-04,KES,Waterworks,30531,Non - Return Valve,1inch,,,1897.37,1385.59,1292.10,2800.00,1729.18,1100.11,indicative_reference,official_public_reference
PPRA Market Reference Guide April 2026,https://ppra.go.ke/mrg-april-2026/,2026-02-16,2026-03-08,2026-04,KES,Waterworks,30571,Air Valve,25mm - Threaded,,,3500.00,1388.66,2243.68,834.23,2875.21,1033.05,indicative_reference,official_public_reference
PPRA Market Reference Guide April 2026,https://ppra.go.ke/mrg-april-2026/,2026-02-16,2026-03-08,2026-04,KES,Waterworks,30581,Float Ball Valve,25mm,,,1484.77,1392.13,1071.70,1446.48,1394.89,803.55,indicative_reference,official_public_reference
PPRA Market Reference Guide April 2026,https://ppra.go.ke/mrg-april-2026/,2026-02-16,2026-03-08,2026-04,KES,Waterworks,30601,G.I Socket,20mm,,,37.89,47.06,29.71,44.32,45.05,45.95,indicative_reference,official_public_reference
PPRA Market Reference Guide April 2026,https://ppra.go.ke/mrg-april-2026/,2026-02-16,2026-03-08,2026-04,KES,Waterworks,30631,G.I Union,20mm,,,69.86,73.29,82.19,86.96,82.85,73.49,indicative_reference,official_public_reference
PPRA Market Reference Guide April 2026,https://ppra.go.ke/mrg-april-2026/,2026-02-16,2026-03-08,2026-04,KES,Waterworks,30641,G.I Tee Reducer,25mm x 20mm,,,70.20,114.41,71.04,75.66,70.64,74.85,indicative_reference,official_public_reference
PPRA Market Reference Guide April 2026,https://ppra.go.ke/mrg-april-2026/,2026-02-16,2026-03-08,2026-04,KES,Waterworks,30651,G.I Equal Tee,15mm diameter,,,45.27,71.94,51.72,94.57,60.54,64.21,indicative_reference,official_public_reference
PPRA Market Reference Guide April 2026,https://ppra.go.ke/mrg-april-2026/,2026-02-16,2026-03-08,2026-04,KES,Waterworks,30661,G.I Reducing socket,15mm x 25mm,,,45.88,48.99,49.95,101.97,76.24,65.21,indicative_reference,official_public_reference
PPRA Market Reference Guide April 2026,https://ppra.go.ke/mrg-april-2026/,2026-02-16,2026-03-08,2026-04,KES,Waterworks,30671,G.I Plug Nuts,20mm diameter,,,39.95,38.78,31.09,50.00,53.47,52.02,indicative_reference,official_public_reference
PPRA Market Reference Guide April 2026,https://ppra.go.ke/mrg-april-2026/,2026-02-16,2026-03-08,2026-04,KES,Waterworks,30681,G.I Long Nipples,50mm x 150mm,,,77.67,188.35,122.86,107.40,195.46,123.56,indicative_reference,official_public_reference
PPRA Market Reference Guide April 2026,https://ppra.go.ke/mrg-april-2026/,2026-02-16,2026-03-08,2026-04,KES,Waterworks,30691,G.I Hex Nipples,50mm diameter,,,175.44,169.30,118.17,71.15,93.00,112.54,indicative_reference,official_public_reference
PPRA Market Reference Guide April 2026,https://ppra.go.ke/mrg-april-2026/,2026-02-16,2026-03-08,2026-04,KES,Waterworks,30701,G.I Long Elbow,20mm diameter,,,51.23,128.44,68.83,57.85,57.39,74.38,indicative_reference,official_public_reference
PPRA Market Reference Guide April 2026,https://ppra.go.ke/mrg-april-2026/,2026-02-16,2026-03-08,2026-04,KES,Waterworks,30711,G.I Elbow,15mm diameter,,,43.09,83.07,36.49,93.06,62.81,76.51,indicative_reference,official_public_reference
PPRA Market Reference Guide April 2026,https://ppra.go.ke/mrg-april-2026/,2026-02-16,2026-03-08,2026-04,KES,Waterworks,30721,G.I End Cap,20mm diameter,,,35.41,36.70,32.16,42.66,45.57,52.83,indicative_reference,official_public_reference
PPRA Market Reference Guide April 2026,https://ppra.go.ke/mrg-april-2026/,2026-02-16,2026-03-08,2026-04,KES,Waterworks,30731,G.I Reducing Bush,20mm x 15mm,,,44.01,55.55,45.66,53.40,92.36,77.24,indicative_reference,official_public_reference
PPRA Market Reference Guide April 2026,https://ppra.go.ke/mrg-april-2026/,2026-02-16,2026-03-08,2026-04,KES,Waterworks,30741,G.I Stand Pipes diameter,600mm high x 15mm,,,334.37,283.28,301.10,800.00,441.14,391.57,indicative_reference,official_public_reference
PPRA Market Reference Guide April 2026,https://ppra.go.ke/mrg-april-2026/,2026-02-16,2026-03-08,2026-04,KES,Waterworks,30751,G.I Saddle Clamp,40mm x 25mm,,,,425.81,417.76,307.41,409.75,348.00,indicative_reference,official_public_reference
PPRA Market Reference Guide April 2026,https://ppra.go.ke/mrg-april-2026/,2026-02-16,2026-03-08,2026-04,KES,Waterworks,30761,Gate Valve,20mm diameter,,,1138.10,564.29,564.95,1025.00,658.74,647.02,indicative_reference,official_public_reference
PPRA Market Reference Guide April 2026,https://ppra.go.ke/mrg-april-2026/,2026-02-16,2026-03-08,2026-04,KES,Waterworks,30781,G.I Back Nuts,25mm,,,44.21,44.27,39.52,45.72,49.85,62.45,indicative_reference,official_public_reference
PPRA Market Reference Guide April 2026,https://ppra.go.ke/mrg-april-2026/,2026-02-16,2026-03-08,2026-04,KES,Waterworks,30791,Bolts & Nuts,19mm x 80mm,,,374.44,52.77,105.76,179.97,57.80,152.07,indicative_reference,official_public_reference
PPRA Market Reference Guide April 2026,https://ppra.go.ke/mrg-april-2026/,2026-02-16,2026-03-08,2026-04,KES,Waterworks,30801,Pegler Taps,15mm diameter,,,610.46,593.70,609.40,577.16,536.84,554.14,indicative_reference,official_public_reference
PPRA Market Reference Guide April 2026,https://ppra.go.ke/mrg-april-2026/,2026-02-16,2026-03-08,2026-04,KES,Waterworks,30811,Hacksaw Frame,300mm long,,,418.59,349.54,322.17,690.58,512.10,459.87,indicative_reference,official_public_reference
PPRA Market Reference Guide April 2026,https://ppra.go.ke/mrg-april-2026/,2026-02-16,2026-03-08,2026-04,KES,Waterworks,30891,Flood Lights,200w,,,2792.85,5817.67,3408.51,3221.36,2426.64,2201.57,indicative_reference,official_public_reference
PPRA Market Reference Guide April 2026,https://ppra.go.ke/mrg-april-2026/,2026-02-16,2026-03-08,2026-04,KES,Waterworks,30901,Contact Glue PVC,0.25Kg,,,384.41,407.67,346.28,,390.38,355.13,indicative_reference,official_public_reference
