source_code,source_record_id,level,name,source_pcode,parent_source_pcode,valid_on,valid_to,version,area_sqkm,center_lat,center_lon,geometry_file,source_status
HDX_COD_AB_KE,KE,admin0,Kenya,KE,,2019-10-31,,v01,591575.23894517,0.36858415,37.55150867,ken_admin0.geojson,reference_baseline
HDX_COD_AB_KE,KE030,admin1,Baringo,KE030,KE,2019-10-31,,v01,10889.23931267,0.72635213,36.01859133,ken_admin1.geojson,reference_baseline
HDX_COD_AB_KE,KE036,admin1,Bomet,KE036,KE,2019-10-31,,v01,2438.21972707,-0.71609482,35.23845882,ken_admin1.geojson,reference_baseline
HDX_COD_AB_KE,KE039,admin1,Bungoma,KE039,KE,2019-10-31,,v01,3016.17422882,0.78569438,34.71875659,ken_admin1.geojson,reference_baseline
HDX_COD_AB_KE,KE040,admin1,Busia,KE040,KE,2019-10-31,,v01,1811.57169334,0.37570659,34.26511053,ken_admin1.geojson,reference_baseline
HDX_COD_AB_KE,KE028,admin1,Elgeyo-Marakwet,KE028,KE,2019-10-31,,v01,3008.39118365,0.74510213,35.56085569,ken_admin1.geojson,reference_baseline
HDX_COD_AB_KE,KE014,admin1,Embu,KE014,KE,2019-10-31,,v01,2823.70595668,-0.53282994,37.66462856,ken_admin1.geojson,reference_baseline
HDX_COD_AB_KE,KE007,admin1,Garissa,KE007,KE,2019-10-31,,v01,43596.12807522,-0.52048966,40.35559028,ken_admin1.geojson,reference_baseline
HDX_COD_AB_KE,KE043,admin1,Homa Bay,KE043,KE,2019-10-31,,v01,4731.93411291,-0.56240265,34.31453245,ken_admin1.geojson,reference_baseline
HDX_COD_AB_KE,KE011,admin1,Isiolo,KE011,KE,2019-10-31,,v01,25399.32883144,1.00638504,38.74765094,ken_admin1.geojson,reference_baseline
HDX_COD_AB_KE,KE034,admin1,Kajiado,KE034,KE,2019-10-31,,v01,21884.84021382,-2.11236921,36.77760606,ken_admin1.geojson,reference_baseline
HDX_COD_AB_KE,KE037,admin1,Kakamega,KE037,KE,2019-10-31,,v01,3008.0192847,0.49719043,34.80092901,ken_admin1.geojson,reference_baseline
HDX_COD_AB_KE,KE035,admin1,Kericho,KE035,KE,2019-10-31,,v01,2513.21074587,-0.31668251,35.22599737,ken_admin1.geojson,reference_baseline
HDX_COD_AB_KE,KE022,admin1,Kiambu,KE022,KE,2019-10-31,,v01,2542.97165236,-1.03438495,36.8432158,ken_admin1.geojson,reference_baseline
HDX_COD_AB_KE,KE003,admin1,Kilifi,KE003,KE,2019-10-31,,v01,12599.27979682,-3.1524409,39.67270758,ken_admin1.geojson,reference_baseline
HDX_COD_AB_KE,KE020,admin1,Kirinyaga,KE020,KE,2019-10-31,,v01,1475.2818936,-0.46735013,37.30190207,ken_admin1.geojson,reference_baseline
HDX_COD_AB_KE,KE045,admin1,Kisii,KE045,KE,2019-10-31,,v01,1313.73442294,-0.73667733,34.75351019,ken_admin1.geojson,reference_baseline
HDX_COD_AB_KE,KE042,admin1,Kisumu,KE042,KE,2019-10-31,,v01,2665.03604841,-0.19437981,34.77732898,ken_admin1.geojson,reference_baseline
HDX_COD_AB_KE,KE015,admin1,Kitui,KE015,KE,2019-10-31,,v01,30456.88378034,-1.56049001,38.37181031,ken_admin1.geojson,reference_baseline
HDX_COD_AB_KE,KE002,admin1,Kwale,KE002,KE,2019-10-31,,v01,8266.02617419,-4.12059128,39.06613621,ken_admin1.geojson,reference_baseline
HDX_COD_AB_KE,KE031,admin1,Laikipia,KE031,KE,2019-10-31,,v01,9536.92035995,0.28913392,36.82524807,ken_admin1.geojson,reference_baseline
HDX_COD_AB_KE,KE005,admin1,Lamu,KE005,KE,2019-10-31,,v01,6047.02159724,-2.06367919,40.54582958,ken_admin1.geojson,reference_baseline
HDX_COD_AB_KE,KE016,admin1,Machakos,KE016,KE,2019-10-31,,v01,6044.25873632,-1.27623744,37.39459507,ken_admin1.geojson,reference_baseline
HDX_COD_AB_KE,KE017,admin1,Makueni,KE017,KE,2019-10-31,,v01,8174.85320364,-2.2536367,37.87666293,ken_admin1.geojson,reference_baseline
HDX_COD_AB_KE,KE009,admin1,Mandera,KE009,KE,2019-10-31,,v01,25979.27364387,3.23096382,40.71134647,ken_admin1.geojson,reference_baseline
HDX_COD_AB_KE,KE010,admin1,Marsabit,KE010,KE,2019-10-31,,v01,76027.83639264,2.86048025,37.71488446,ken_admin1.geojson,reference_baseline
HDX_COD_AB_KE,KE012,admin1,Meru,KE012,KE,2019-10-31,,v01,6992.54345554,0.22905493,37.7761107,ken_admin1.geojson,reference_baseline
HDX_COD_AB_KE,KE044,admin1,Migori,KE044,KE,2019-10-31,,v01,3144.29879206,-1.01870394,34.3091728,ken_admin1.geojson,reference_baseline
HDX_COD_AB_KE,KE001,admin1,Mombasa,KE001,KE,2019-10-31,,v01,233.60818773,-3.990448,39.70112953,ken_admin1.geojson,reference_baseline
HDX_COD_AB_KE,KE021,admin1,Murang'a,KE021,KE,2019-10-31,,v01,2525.49493163,-0.82851937,37.00417345,ken_admin1.geojson,reference_baseline
HDX_COD_AB_KE,KE047,admin1,Nairobi,KE047,KE,2019-10-31,,v01,707.54232376,-1.3004886,36.82792609,ken_admin1.geojson,reference_baseline
HDX_COD_AB_KE,KE029,admin1,Nandi,KE029,KE,2019-10-31,,v01,2835.78654137,0.22735237,35.12387568,ken_admin1.geojson,reference_baseline
HDX_COD_AB_KE,KE033,admin1,Narok,KE033,KE,2019-10-31,,v01,17912.18466122,-1.2798779,35.4763579,ken_admin1.geojson,reference_baseline
HDX_COD_AB_KE,KE046,admin1,Nyamira,KE046,KE,2019-10-31,,v01,897.15283946,-0.64937849,34.93339785,ken_admin1.geojson,reference_baseline
HDX_COD_AB_KE,KE018,admin1,Nyandarua,KE018,KE,2019-10-31,,v01,3266.72590983,-0.38909294,36.49743136,ken_admin1.geojson,reference_baseline
HDX_COD_AB_KE,KE019,admin1,Nyeri,KE019,KE,2019-10-31,,v01,3334.57237788,-0.3143747,36.93047349,ken_admin1.geojson,reference_baseline
HDX_COD_AB_KE,KE025,admin1,Samburu,KE025,KE,2019-10-31,,v01,21015.66964537,1.54137314,36.94153954,ken_admin1.geojson,reference_baseline
HDX_COD_AB_KE,KE041,admin1,Siaya,KE041,KE,2019-10-31,,v01,3520.4349196,-0.05767351,34.19988707,ken_admin1.geojson,reference_baseline
HDX_COD_AB_KE,KE006,admin1,Taita Taveta,KE006,KE,2019-10-31,,v01,17131.06393654,-3.40520335,38.37176029,ken_admin1.geojson,reference_baseline
HDX_COD_AB_KE,KE004,admin1,Tana River,KE004,KE,2019-10-31,,v01,39192.09311281,-1.53491779,39.55028762,ken_admin1.geojson,reference_baseline
HDX_COD_AB_KE,KE013,admin1,Tharaka-Nithi,KE013,KE,2019-10-31,,v01,2580.98389939,-0.19144518,37.96041722,ken_admin1.geojson,reference_baseline
HDX_COD_AB_KE,KE026,admin1,Trans Nzoia,KE026,KE,2019-10-31,,v01,2484.70398507,1.0459151,34.9807775,ken_admin1.geojson,reference_baseline
HDX_COD_AB_KE,KE023,admin1,Turkana,KE023,KE,2019-10-31,,v01,70131.7589079,3.16248786,35.3134923,ken_admin1.geojson,reference_baseline
HDX_COD_AB_KE,KE027,admin1,Uasin Gishu,KE027,KE,2019-10-31,,v01,3396.83909229,0.47818764,35.30379897,ken_admin1.geojson,reference_baseline
HDX_COD_AB_KE,KE038,admin1,Vihiga,KE038,KE,2019-10-31,,v01,560.46853377,0.08485735,34.70778439,ken_admin1.geojson,reference_baseline
HDX_COD_AB_KE,KE008,admin1,Wajir,KE008,KE,2019-10-31,,v01,56668.58927992,1.93971498,40.0245067,ken_admin1.geojson,reference_baseline
HDX_COD_AB_KE,KE024,admin1,West Pokot,KE024,KE,2019-10-31,,v01,9305.51007437,1.89337371,35.21276783,ken_admin1.geojson,reference_baseline
HDX_COD_AB_KE,KE032,admin1,Nakuru,KE032,KE,2019-10-31,,v01,7487.07246916,-0.45844803,36.1003836,ken_admin1.geojson,reference_baseline
HDX_COD_AB_KE,KE027144,admin2,Ainabkoi,KE027144,KE027,2019-10-31,,v01,502.56191783,0.31286511,35.45585864,ken_admin2.geojson,reference_baseline
HDX_COD_AB_KE,KE035190,admin2,Ainamoi,KE035190,KE035,2019-10-31,,v01,245.64444558,-0.31245662,35.25994842,ken_admin2.geojson,reference_baseline
HDX_COD_AB_KE,KE029152,admin2,Aldai,KE029152,KE029,2019-10-31,,v01,467.74427575,0.06016957,34.97529218,ken_admin2.geojson,reference_baseline
HDX_COD_AB_KE,KE041234,admin2,Alego Usonga,KE041234,KE041,2019-10-31,,v01,607.54214356,0.06082957,34.21613625,ken_admin2.geojson,reference_baseline
HDX_COD_AB_KE,KE044254,admin2,Awendo,KE044254,KE044,2019-10-31,,v01,262.95945064,-0.87300394,34.52916519,ken_admin2.geojson,reference_baseline
HDX_COD_AB_KE,KE032174,admin2,Bahati,KE032174,KE032,2019-10-31,,v01,298.29775606,-0.22500391,36.14485288,ken_admin2.geojson,reference_baseline
HDX_COD_AB_KE,KE007028,admin2,Balambala,KE007028,KE007,2019-10-31,,v01,4840.46340077,-0.02273556,39.36513412,ken_admin2.geojson,reference_baseline
HDX_COD_AB_KE,KE009040,admin2,Banissa,KE009040,KE009,2019-10-31,,v01,3038.61551871,3.98556467,40.41330975,ken_admin2.geojson,reference_baseline
HDX_COD_AB_KE,KE030159,admin2,Baringo Central,KE030159,KE030,2019-10-31,,v01,661.6928548,0.40873262,35.75810853,ken_admin2.geojson,reference_baseline
HDX_COD_AB_KE,KE030158,admin2,Baringo North,KE030158,KE030,2019-10-31,,v01,1633.77468037,0.76985213,35.8085383,ken_admin2.geojson,reference_baseline
HDX_COD_AB_KE,KE030160,admin2,Baringo South,KE030160,KE030,2019-10-31,,v01,1826.79167508,0.45845972,36.05190879,ken_admin2.geojson,reference_baseline
HDX_COD_AB_KE,KE035192,admin2,Belgut,KE035192,KE035,2019-10-31,,v01,382.72892633,-0.39899874,35.36976437,ken_admin2.geojson,reference_baseline
HDX_COD_AB_KE,KE045264,admin2,Bobasi,KE045264,KE045,2019-10-31,,v01,240.35222583,-0.81964996,34.79862706,ken_admin2.geojson,reference_baseline
HDX_COD_AB_KE,KE045263,admin2,Bomachoge Borabu,KE045263,KE045,2019-10-31,,v01,114.15126455,-0.90575394,34.75145886,ken_admin2.geojson,reference_baseline
HDX_COD_AB_KE,KE045265,admin2,Bomachoge Chache,KE045265,KE045,2019-10-31,,v01,101.99774136,-0.80439879,34.7158786,ken_admin2.geojson,reference_baseline
HDX_COD_AB_KE,KE036197,admin2,Bomet Central,KE036197,KE036,2019-10-31,,v01,268.95050205,-0.73095473,35.3145147,ken_admin2.geojson,reference_baseline
HDX_COD_AB_KE,KE036196,admin2,Bomet East,KE036196,KE036,2019-10-31,,v01,305.80982816,-0.84752115,35.41991749,ken_admin2.geojson,reference_baseline
HDX_COD_AB_KE,KE045261,admin2,Bonchari,KE045261,KE045,2019-10-31,,v01,126.67823211,-0.65930394,34.68920926,ken_admin2.geojson,reference_baseline
HDX_COD_AB_KE,KE041236,admin2,Bondo,KE041236,KE041,2019-10-31,,v01,1310.51628491,-0.14802269,34.13697791,ken_admin2.geojson,reference_baseline
HDX_COD_AB_KE,KE046273,admin2,Borabu,KE046273,KE046,2019-10-31,,v01,293.28179986,-0.69214467,35.04309531,ken_admin2.geojson,reference_baseline
HDX_COD_AB_KE,KE040231,admin2,Budalangi,KE040231,KE040,2019-10-31,,v01,310.63627366,0.08071915,33.99113287,ken_admin2.geojson,reference_baseline
HDX_COD_AB_KE,KE039219,admin2,Bumula,KE039219,KE039,2019-10-31,,v01,345.33320322,0.56788403,34.4496374,ken_admin2.geojson,reference_baseline
HDX_COD_AB_KE,KE004020,admin2,Bura,KE004020,KE004,2019-10-31,,v01,13602.53874286,-0.6514223,39.30092883,ken_admin2.geojson,reference_baseline
HDX_COD_AB_KE,KE035191,admin2,Buret,KE035191,KE035,2019-10-31,,v01,315.70706395,-0.55863278,35.12454237,ken_admin2.geojson,reference_baseline
HDX_COD_AB_KE,KE037207,admin2,Butere,KE037207,KE037,2019-10-31,,v01,209.22743884,0.22741437,34.55027959,ken_admin2.geojson,reference_baseline
HDX_COD_AB_KE,KE040229,admin2,Butula,KE040229,KE040,2019-10-31,,v01,242.96638872,0.34422513,34.29268459,ken_admin2.geojson,reference_baseline
HDX_COD_AB_KE,KE012057,admin2,Buuri,KE012057,KE012,2019-10-31,,v01,1314.8569385,0.08968428,37.36044218,ken_admin2.geojson,reference_baseline
HDX_COD_AB_KE,KE012058,admin2,Cental Imenti,KE012058,KE012,2019-10-31,,v01,771.84548256,0.04201816,37.51661252,ken_admin2.geojson,reference_baseline
HDX_COD_AB_KE,KE001001,admin2,Changamwe,KE001001,KE001,2019-10-31,,v01,22.76489827,-4.01733732,39.5916343,ken_admin2.geojson,reference_baseline
HDX_COD_AB_KE,KE036195,admin2,Chepalungu,KE036195,KE036,2019-10-31,,v01,536.54642253,-0.89520258,35.24233177,ken_admin2.geojson,reference_baseline
HDX_COD_AB_KE,KE026140,admin2,Cherangany,KE026140,KE026,2019-10-31,,v01,627.54543431,1.04643375,35.17809075,ken_admin2.geojson,reference_baseline
HDX_COD_AB_KE,KE029154,admin2,Chesumei,KE029154,KE029,2019-10-31,,v01,486.08132219,0.27723272,35.08449983,ken_admin2.geojson,reference_baseline
HDX_COD_AB_KE,KE007030,admin2,Dadaab,KE007030,KE007,2019-10-31,,v01,6925.1749762,0.06314251,40.26079878,ken_admin2.geojson,reference_baseline
HDX_COD_AB_KE,KE047276,admin2,Dagoretti,KE047276,KE047,2019-10-31,,v01,24.44505771,-1.28105809,36.7121554,ken_admin2.geojson,reference_baseline
HDX_COD_AB_KE,KE007027,admin2,Dujis,KE007027,KE007,2019-10-31,,v01,568.36264972,-0.42578316,39.75871433,ken_admin2.geojson,reference_baseline
HDX_COD_AB_KE,KE030162,admin2,Eldama Ravine,KE030162,KE030,2019-10-31,,v01,932.69770972,-0.00618728,35.72224337,ken_admin2.geojson,reference_baseline
HDX_COD_AB_KE,KE008037,admin2,Eldas,KE008037,KE008,2019-10-31,,v01,4740.82975285,2.19434654,39.13907426,ken_admin2.geojson,reference_baseline
HDX_COD_AB_KE,KE047284,admin2,Embakasi Central,KE047284,KE047,2019-10-31,,v01,8.18237804,-1.26961166,36.90936602,ken_admin2.geojson,reference_baseline
HDX_COD_AB_KE,KE047285,admin2,Embakasi East,KE047285,KE047,2019-10-31,,v01,85.84392988,-1.3105678,36.93772427,ken_admin2.geojson,reference_baseline
HDX_COD_AB_KE,KE047283,admin2,Embakasi North,KE047283,KE047,2019-10-31,,v01,5.42927986,-1.24745449,36.89945166,ken_admin2.geojson,reference_baseline
HDX_COD_AB_KE,KE047282,admin2,Embakasi South,KE047282,KE047,2019-10-31,,v01,17.54934931,-1.33572978,36.87388975,ken_admin2.geojson,reference_baseline
HDX_COD_AB_KE,KE047286,admin2,Embakasi West,KE047286,KE047,2019-10-31,,v01,9.76080445,-1.27342368,36.88551542,ken_admin2.geojson,reference_baseline
HDX_COD_AB_KE,KE029155,admin2,Emgwen,KE029155,KE029,2019-10-31,,v01,362.89421597,0.18930635,35.12655983,ken_admin2.geojson,reference_baseline
HDX_COD_AB_KE,KE038215,admin2,Emuhaya,KE038215,KE038,2019-10-31,,v01,89.18223968,0.07965083,34.61336062,ken_admin2.geojson,reference_baseline
HDX_COD_AB_KE,KE033178,admin2,Emurua Dikirr,KE033178,KE033,2019-10-31,,v01,325.07818317,-1.00462574,35.11216673,ken_admin2.geojson,reference_baseline
HDX_COD_AB_KE,KE026137,admin2,Endebess,KE026137,KE026,2019-10-31,,v01,668.91160975,1.14512881,34.72231206,ken_admin2.geojson,reference_baseline
HDX_COD_AB_KE,KE007031,admin2,Fafi,KE007031,KE007,2019-10-31,,v01,16583.39556049,-0.78190234,40.43502257,ken_admin2.geojson,reference_baseline
HDX_COD_AB_KE,KE040230,admin2,Funyula,KE040230,KE040,2019-10-31,,v01,273.31760174,0.24443462,34.06517167,ken_admin2.geojson,reference_baseline
HDX_COD_AB_KE,KE014065,admin2,Gachoka,KE014065,KE014,2019-10-31,,v01,1323.34497264,-0.72727754,37.7049411,ken_admin2.geojson,reference_baseline
HDX_COD_AB_KE,KE004019,admin2,Galole,KE004019,KE004,2019-10-31,,v01,9687.26659819,-1.50512364,39.5465255,ken_admin2.geojson,reference_baseline
HDX_COD_AB_KE,KE003015,admin2,Ganze,KE003015,KE003,2019-10-31,,v01,2934.56287795,-3.43475548,39.46525937,ken_admin2.geojson,reference_baseline
HDX_COD_AB_KE,KE004018,admin2,Garsen,KE004018,KE004,2019-10-31,,v01,15902.28777176,-2.42640984,39.21144839,ken_admin2.geojson,reference_baseline
HDX_COD_AB_KE,KE021110,admin2,Gatanga,KE021110,KE021,2019-10-31,,v01,600.61072296,-0.88734194,36.90933999,ken_admin2.geojson,reference_baseline
HDX_COD_AB_KE,KE022112,admin2,Gatundu North,KE022112,KE022,2019-10-31,,v01,234.53556586,-0.91616735,36.84955538,ken_admin2.geojson,reference_baseline
HDX_COD_AB_KE,KE022111,admin2,Gatundu South,KE022111,KE022,2019-10-31,,v01,221.69837418,-0.95389,36.79340224,ken_admin2.geojson,reference_baseline
HDX_COD_AB_KE,KE041235,admin2,Gem,KE041235,KE041,2019-10-31,,v01,402.97620465,0.0401974,34.46389389,ken_admin2.geojson,reference_baseline
HDX_COD_AB_KE,KE020101,admin2,Gichugu,KE020101,KE020,2019-10-31,,v01,467.11605078,-0.37458402,37.34175709,ken_admin2.geojson,reference_baseline
HDX_COD_AB_KE,KE032169,admin2,Gilgil,KE032169,KE032,2019-10-31,,v01,1263.9644743,-0.52731582,36.23649674,ken_admin2.geojson,reference_baseline
HDX_COD_AB_KE,KE022116,admin2,Githunguri,KE022116,KE022,2019-10-31,,v01,172.98386537,-1.04969282,36.7833345,ken_admin2.geojson,reference_baseline
HDX_COD_AB_KE,KE038213,admin2,Hamisi,KE038213,KE038,2019-10-31,,v01,186.65449763,0.09273769,34.83379077,ken_admin2.geojson,reference_baseline
HDX_COD_AB_KE,KE043249,admin2,Homa Bay,KE043249,KE043,2019-10-31,,v01,269.04032363,-0.52055949,34.4685314,ken_admin2.geojson,reference_baseline
HDX_COD_AB_KE,KE012052,admin2,Igembe Central,KE012052,KE012,2019-10-31,,v01,802.36163426,0.32473651,37.86886109,ken_admin2.geojson,reference_baseline
HDX_COD_AB_KE,KE012053,admin2,Igembe North,KE012053,KE012,2019-10-31,,v01,1075.9141978,0.48895772,37.97755227,ken_admin2.geojson,reference_baseline
HDX_COD_AB_KE,KE012051,admin2,Igembe South,KE012051,KE012,2019-10-31,,v01,839.06397407,0.0993504,38.14508022,ken_admin2.geojson,reference_baseline
HDX_COD_AB_KE,KE007032,admin2,Ijara,KE007032,KE007,2019-10-31,,v01,8224.92062448,-1.43334548,41.0560696,ken_admin2.geojson,reference_baseline
HDX_COD_AB_KE,KE037210,admin2,Ikolomani,KE037210,KE037,2019-10-31,,v01,143.83534258,0.19410169,34.69885379,ken_admin2.geojson,reference_baseline
HDX_COD_AB_KE,KE011049,admin2,Isiolo North,KE011049,KE011,2019-10-31,,v01,15321.57226279,1.44098818,38.72868612,ken_admin2.geojson,reference_baseline
HDX_COD_AB_KE,KE011050,admin2,Isiolo South,KE011050,KE011,2019-10-31,,v01,10077.75656865,0.56242549,38.45268836,ken_admin2.geojson,reference_baseline
HDX_COD_AB_KE,KE001002,admin2,Jomvu,KE001002,KE001,2019-10-31,,v01,31.72088431,-3.99029112,39.59541938,ken_admin2.geojson,reference_baseline
HDX_COD_AB_KE,KE022113,admin2,Juja,KE022113,KE022,2019-10-31,,v01,373.44339725,-1.10267895,36.98784127,ken_admin2.geojson,reference_baseline
HDX_COD_AB_KE,KE022119,admin2,Kabete,KE022119,KE022,2019-10-31,,v01,56.22026743,-1.20975029,36.70030181,ken_admin2.geojson,reference_baseline
HDX_COD_AB_KE,KE043246,admin2,Kabondo Kasipul,KE043246,KE043,2019-10-31,,v01,246.91462395,-0.44647545,34.87066339,ken_admin2.geojson,reference_baseline
HDX_COD_AB_KE,KE039218,admin2,Kabuchai,KE039218,KE039,2019-10-31,,v01,233.74377968,0.69642243,34.59098842,ken_admin2.geojson,reference_baseline
HDX_COD_AB_KE,KE024131,admin2,Kacheliba,KE024131,KE024,2019-10-31,,v01,4110.89768678,1.97403415,35.18978224,ken_admin2.geojson,reference_baseline
HDX_COD_AB_KE,KE017085,admin2,Kaiti,KE017085,KE017,2019-10-31,,v01,404.28631666,-1.78797319,37.43728102,ken_admin2.geojson,reference_baseline
HDX_COD_AB_KE,KE034184,admin2,Kajiado Central,KE034184,KE034,2019-10-31,,v01,4305.31694515,-2.17560315,36.81845272,ken_admin2.geojson,reference_baseline
HDX_COD_AB_KE,KE034186,admin2,Kajiado East,KE034186,KE034,2019-10-31,,v01,3268.80370647,-1.89226011,37.08644475,ken_admin2.geojson,reference_baseline
HDX_COD_AB_KE,KE034183,admin2,Kajiado North,KE034183,KE034,2019-10-31,,v01,112.40061641,-1.36977364,36.67702212,ken_admin2.geojson,reference_baseline
HDX_COD_AB_KE,KE034187,admin2,Kajiado South,KE034187,KE034,2019-10-31,,v01,6338.6708758,-2.68751233,37.46781998,ken_admin2.geojson,reference_baseline
HDX_COD_AB_KE,KE034185,admin2,Kajiado West,KE034185,KE034,2019-10-31,,v01,7859.64807,-1.69597414,36.4460913,ken_admin2.geojson,reference_baseline
HDX_COD_AB_KE,KE003013,admin2,Kaloleni,KE003013,KE003,2019-10-31,,v01,668.30555634,-3.77395542,39.51836377,ken_admin2.geojson,reference_baseline
HDX_COD_AB_KE,KE047288,admin2,Kamukunji,KE047288,KE047,2019-10-31,,v01,8.8374547,-1.27542116,36.85830597,ken_admin2.geojson,reference_baseline
HDX_COD_AB_KE,KE021109,admin2,Kandara,KE021109,KE021,2019-10-31,,v01,209.94400921,-0.8811687,37.02618767,ken_admin2.geojson,reference_baseline
HDX_COD_AB_KE,KE039220,admin2,Kanduyi,KE039220,KE039,2019-10-31,,v01,319.17920434,0.56198876,34.6089652,ken_admin2.geojson,reference_baseline
HDX_COD_AB_KE,KE021104,admin2,Kangema,KE021104,KE021,2019-10-31,,v01,351.30774918,-0.68734031,36.92093625,ken_admin2.geojson,reference_baseline
HDX_COD_AB_KE,KE016077,admin2,Kangundo,KE016077,KE016,2019-10-31,,v01,171.00529495,-1.34306446,37.35793684,ken_admin2.geojson,reference_baseline
HDX_COD_AB_KE,KE024129,admin2,Kapenguria,KE024129,KE024,2019-10-31,,v01,1776.11668449,1.54965905,35.2120468,ken_admin2.geojson,reference_baseline
HDX_COD_AB_KE,KE027145,admin2,Kapseret,KE027145,KE027,2019-10-31,,v01,357.16168393,0.42121843,35.24651306,ken_admin2.geojson,reference_baseline
HDX_COD_AB_KE,KE043247,admin2,Karachuonyo,KE043247,KE043,2019-10-31,,v01,747.80754396,-0.3709325,34.60309984,ken_admin2.geojson,reference_baseline
HDX_COD_AB_KE,KE047280,admin2,Kasarani,KE047280,KE047,2019-10-31,,v01,136.27420691,-1.25200498,37.01355654,ken_admin2.geojson,reference_baseline
HDX_COD_AB_KE,KE043245,admin2,Kasipul,KE043245,KE043,2019-10-31,,v01,258.12024562,-0.50290539,34.71076635,ken_admin2.geojson,reference_baseline
HDX_COD_AB_KE,KE016079,admin2,Kathiani,KE016079,KE016,2019-10-31,,v01,206.01112188,-1.42083824,37.30890196,ken_admin2.geojson,reference_baseline
HDX_COD_AB_KE,KE028149,admin2,Keiyo North,KE028149,KE028,2019-10-31,,v01,541.85404119,0.69656369,35.52263345,ken_admin2.geojson,reference_baseline
HDX_COD_AB_KE,KE028150,admin2,Keiyo South,KE028150,KE028,2019-10-31,,v01,886.31159151,0.37935425,35.57177296,ken_admin2.geojson,reference_baseline
HDX_COD_AB_KE,KE027146,admin2,Kesses,KE027146,KE027,2019-10-31,,v01,670.76295615,0.25870181,35.3437426,ken_admin2.geojson,reference_baseline
HDX_COD_AB_KE,KE037208,admin2,Khwisero,KE037208,KE037,2019-10-31,,v01,144.41635742,0.14643576,34.58160359,ken_admin2.geojson,reference_baseline
HDX_COD_AB_KE,KE022118,admin2,Kiambaa,KE022118,KE022,2019-10-31,,v01,88.66467395,-1.16474148,36.76059783,ken_admin2.geojson,reference_baseline
HDX_COD_AB_KE,KE022117,admin2,Kiambu,KE022117,KE022,2019-10-31,,v01,97.99087486,-1.15775603,36.84683608,ken_admin2.geojson,reference_baseline
HDX_COD_AB_KE,KE047278,admin2,Kibra,KE047278,KE047,2019-10-31,,v01,12.33031869,-1.30420917,36.77970908,ken_admin2.geojson,reference_baseline
HDX_COD_AB_KE,KE017088,admin2,Kibwezi East,KE017088,KE017,2019-10-31,,v01,2219.57368501,-2.6562621,38.12533457,ken_admin2.geojson,reference_baseline
HDX_COD_AB_KE,KE017087,admin2,Kibwezi West,KE017087,KE017,2019-10-31,,v01,1767.54482371,-2.31051689,37.8604169,ken_admin2.geojson,reference_baseline
HDX_COD_AB_KE,KE019095,admin2,Kieni,KE019095,KE019,2019-10-31,,v01,1814.09699634,-0.2211318,37.12999022,ken_admin2.geojson,reference_baseline
HDX_COD_AB_KE,KE021107,admin2,Kigumo,KE021107,KE021,2019-10-31,,v01,316.24222482,-0.77438831,36.89892134,ken_admin2.geojson,reference_baseline
HDX_COD_AB_KE,KE021106,admin2,Kiharu,KE021106,KE021,2019-10-31,,v01,305.68805263,-0.71004561,37.1025049,ken_admin2.geojson,reference_baseline
HDX_COD_AB_KE,KE022120,admin2,Kikuyu,KE022120,KE022,2019-10-31,,v01,174.30738296,-1.23320913,36.60227311,ken_admin2.geojson,reference_baseline
HDX_COD_AB_KE,KE033177,admin2,Kilgoris,KE033177,KE033,2019-10-31,,v01,2538.86406698,-1.22226519,34.8630572,ken_admin2.geojson,reference_baseline
HDX_COD_AB_KE,KE003011,admin2,Kilifi North,KE003011,KE003,2019-10-31,,v01,784.42581887,-3.49908557,39.86584541,ken_admin2.geojson,reference_baseline
HDX_COD_AB_KE,KE003012,admin2,Kilifi South,KE003012,KE003,2019-10-31,,v01,424.28402133,-3.81279831,39.74954662,ken_admin2.geojson,reference_baseline
HDX_COD_AB_KE,KE047275,admin2,Kilimani,KE047275,KE047,2019-10-31,,v01,29.35572497,-1.27685408,36.77420224,ken_admin2.geojson,reference_baseline
HDX_COD_AB_KE,KE017084,admin2,Kilome,KE017084,KE017,2019-10-31,,v01,823.2692932,-1.83249817,37.2651976,ken_admin2.geojson,reference_baseline
HDX_COD_AB_KE,KE039223,admin2,Kimilili,KE039223,KE039,2019-10-31,,v01,177.41066899,0.78772906,34.72759935,ken_admin2.geojson,reference_baseline
HDX_COD_AB_KE,KE026139,admin2,Kiminini,KE026139,KE026,2019-10-31,,v01,368.62953475,0.93434081,34.99298996,ken_admin2.geojson,reference_baseline
HDX_COD_AB_KE,KE002010,admin2,Kinango,KE002010,KE002,2019-10-31,,v01,4833.67523403,-3.94523468,39.24002272,ken_admin2.geojson,reference_baseline
HDX_COD_AB_KE,KE018089,admin2,Kinangop,KE018089,KE018,2019-10-31,,v01,538.88433737,-0.73123187,36.62378975,ken_admin2.geojson,reference_baseline
HDX_COD_AB_KE,KE018090,admin2,Kipipiri,KE018090,KE018,2019-10-31,,v01,941.17643752,-0.42284038,36.52797338,ken_admin2.geojson,reference_baseline
HDX_COD_AB_KE,KE035188,admin2,Kipkelion East,KE035188,KE035,2019-10-31,,v01,752.44394006,-0.17450732,35.59262767,ken_admin2.geojson,reference_baseline
HDX_COD_AB_KE,KE035189,admin2,Kipkelion West,KE035189,KE035,2019-10-31,,v01,352.30309029,-0.15920727,35.40235119,ken_admin2.geojson,reference_baseline
HDX_COD_AB_KE,KE020103,admin2,Kirinyaga Central,KE020103,KE020,2019-10-31,,v01,237.2704777,-0.28112234,37.27700091,ken_admin2.geojson,reference_baseline
HDX_COD_AB_KE,KE001003,admin2,Kisauni,KE001003,KE001,2019-10-31,,v01,89.52658136,-3.98203278,39.70410654,ken_admin2.geojson,reference_baseline
HDX_COD_AB_KE,KE042240,admin2,Kisumu Central,KE042240,KE042,2019-10-31,,v01,68.31264884,-0.11789191,34.73959396,ken_admin2.geojson,reference_baseline
HDX_COD_AB_KE,KE042238,admin2,Kisumu East,KE042238,KE042,2019-10-31,,v01,165.45258825,-0.08189361,34.82263552,ken_admin2.geojson,reference_baseline
HDX_COD_AB_KE,KE042239,admin2,Kisumu West,KE042239,KE042,2019-10-31,,v01,312.35593278,-0.08874889,34.66672394,ken_admin2.geojson,reference_baseline
HDX_COD_AB_KE,KE015072,admin2,Kitui Central,KE015072,KE015,2019-10-31,,v01,728.55883756,-1.38671151,37.93739911,ken_admin2.geojson,reference_baseline
HDX_COD_AB_KE,KE015073,admin2,Kitui East,KE015073,KE015,2019-10-31,,v01,4726.46461301,-1.40998427,38.50827869,ken_admin2.geojson,reference_baseline
HDX_COD_AB_KE,KE015071,admin2,Kitui Rural,KE015071,KE015,2019-10-31,,v01,1529.26512984,-1.48809957,37.8229772,ken_admin2.geojson,reference_baseline
HDX_COD_AB_KE,KE015074,admin2,Kitui South,KE015074,KE015,2019-10-31,,v01,12719.43998277,-2.25352106,38.45811355,ken_admin2.geojson,reference_baseline
HDX_COD_AB_KE,KE015070,admin2,Kitui West,KE015070,KE015,2019-10-31,,v01,630.34320095,-1.24036096,37.90169822,ken_admin2.geojson,reference_baseline
HDX_COD_AB_KE,KE045268,admin2,Kitutu Chache North,KE045268,KE045,2019-10-31,,v01,130.43131621,-0.56406849,34.81191366,ken_admin2.geojson,reference_baseline
HDX_COD_AB_KE,KE045269,admin2,Kitutu Chache South,KE045269,KE045,2019-10-31,,v01,97.57301159,-0.61656293,34.75561621,ken_admin2.geojson,reference_baseline
HDX_COD_AB_KE,KE046270,admin2,Kitutu Masaba,KE046270,KE046,2019-10-31,,v01,253.70038283,-0.68890394,34.9152784,ken_admin2.geojson,reference_baseline
HDX_COD_AB_KE,KE036198,admin2,Konoin,KE036198,KE036,2019-10-31,,v01,851.37474055,-0.53784544,35.37821147,ken_admin2.geojson,reference_baseline
HDX_COD_AB_KE,KE032171,admin2,Kuresoi North,KE032171,KE032,2019-10-31,,v01,611.46462477,-0.25038756,35.69399982,ken_admin2.geojson,reference_baseline
HDX_COD_AB_KE,KE032170,admin2,Kuresoi South,KE032170,KE032,2019-10-31,,v01,524.93261627,-0.54404787,35.64349319,ken_admin2.geojson,reference_baseline
HDX_COD_AB_KE,KE044260,admin2,Kuria East,KE044260,KE044,2019-10-31,,v01,238.23967951,-1.24078602,34.65258686,ken_admin2.geojson,reference_baseline
HDX_COD_AB_KE,KE044259,admin2,Kuria West,KE044259,KE044,2019-10-31,,v01,341.80847209,-1.20280394,34.51742773,ken_admin2.geojson,reference_baseline
HDX_COD_AB_KE,KE026136,admin2,Kwanza,KE026136,KE026,2019-10-31,,v01,464.80596041,1.14000894,34.98291413,ken_admin2.geojson,reference_baseline
HDX_COD_AB_KE,KE009044,admin2,Lafey,KE009044,KE009,2019-10-31,,v01,3543.55037513,3.48641418,41.17057846,ken_admin2.geojson,reference_baseline
HDX_COD_AB_KE,KE007029,admin2,Lagdera,KE007029,KE007,2019-10-31,,v01,6453.81086357,0.50120998,39.22122974,ken_admin2.geojson,reference_baseline
HDX_COD_AB_KE,KE031164,admin2,Laikipia East,KE031164,KE031,2019-10-31,,v01,3222.26016449,0.3502711,36.50514369,ken_admin2.geojson,reference_baseline
HDX_COD_AB_KE,KE031165,admin2,Laikipia North,KE031165,KE031,2019-10-31,,v01,4916.20032584,0.42846094,37.08918117,ken_admin2.geojson,reference_baseline
HDX_COD_AB_KE,KE031163,admin2,Laikipia West,KE031163,KE031,2019-10-31,,v01,1398.45986962,-0.07508303,36.76914131,ken_admin2.geojson,reference_baseline
HDX_COD_AB_KE,KE010048,admin2,Laisamis,KE010048,KE010,2019-10-31,,v01,24080.25900444,2.30403074,37.30292869,ken_admin2.geojson,reference_baseline
HDX_COD_AB_KE,KE005021,admin2,Lamu East,KE005021,KE005,2019-10-31,,v01,2153.48293493,-1.85565186,41.06191972,ken_admin2.geojson,reference_baseline
HDX_COD_AB_KE,KE005022,admin2,Lamu West,KE005022,KE005,2019-10-31,,v01,3893.53866231,-2.13176477,40.57036184,ken_admin2.geojson,reference_baseline
HDX_COD_AB_KE,KE047277,admin2,Langata,KE047277,KE047,2019-10-31,,v01,209.80909658,-1.36795212,36.81427782,ken_admin2.geojson,reference_baseline
HDX_COD_AB_KE,KE022122,admin2,Lari,KE022122,KE022,2019-10-31,,v01,465.93739853,-0.91486224,36.64883462,ken_admin2.geojson,reference_baseline
HDX_COD_AB_KE,KE001005,admin2,Likoni,KE001005,KE001,2019-10-31,,v01,52.07635363,-4.10065341,39.64491,ken_admin2.geojson,reference_baseline
HDX_COD_AB_KE,KE037200,admin2,Likuyani,KE037200,KE037,2019-10-31,,v01,301.2480612,0.76645887,35.10501219,ken_admin2.geojson,reference_baseline
HDX_COD_AB_KE,KE022121,admin2,Limuru,KE022121,KE022,2019-10-31,,v01,284.96603698,-1.14583211,36.64033253,ken_admin2.geojson,reference_baseline
HDX_COD_AB_KE,KE023126,admin2,Loima,KE023126,KE023,2019-10-31,,v01,9746.04173694,3.00930786,35.1116348,ken_admin2.geojson,reference_baseline
HDX_COD_AB_KE,KE038214,admin2,Luanda,KE038214,KE038,2019-10-31,,v01,83.6174649,0.0203111,34.59718573,ken_admin2.geojson,reference_baseline
HDX_COD_AB_KE,KE037199,admin2,Lugari,KE037199,KE037,2019-10-31,,v01,367.77067673,0.62087754,34.89963911,ken_admin2.geojson,reference_baseline
HDX_COD_AB_KE,KE002008,admin2,Lunga Lunga,KE002008,KE002,2019-10-31,,v01,2018.80227785,-4.4343217,39.10889721,ken_admin2.geojson,reference_baseline
HDX_COD_AB_KE,KE037202,admin2,Lurambi,KE037202,KE037,2019-10-31,,v01,161.69211736,0.27300234,34.69449659,ken_admin2.geojson,reference_baseline
HDX_COD_AB_KE,KE013061,admin2,Maara,KE013061,KE013,2019-10-31,,v01,504.87742252,-0.2343772,37.65000227,ken_admin2.geojson,reference_baseline
HDX_COD_AB_KE,KE016081,admin2,Machakos Town,KE016081,KE016,2019-10-31,,v01,757.05682377,-1.56862784,37.2550573,ken_admin2.geojson,reference_baseline
HDX_COD_AB_KE,KE003017,admin2,Magarini,KE003017,KE003,2019-10-31,,v01,6977.00857145,-2.82928574,39.80753064,ken_admin2.geojson,reference_baseline
HDX_COD_AB_KE,KE047287,admin2,Makadara,KE047287,KE047,2019-10-31,,v01,11.99723439,-1.29457182,36.86337877,ken_admin2.geojson,reference_baseline
HDX_COD_AB_KE,KE017086,admin2,Makueni,KE017086,KE017,2019-10-31,,v01,1979.75582989,-1.95477062,37.6656393,ken_admin2.geojson,reference_baseline
HDX_COD_AB_KE,KE037201,admin2,Malava,KE037201,KE037,2019-10-31,,v01,422.95850313,0.46962413,34.83729952,ken_admin2.geojson,reference_baseline
HDX_COD_AB_KE,KE003016,admin2,Malindi,KE003016,KE003,2019-10-31,,v01,576.75761377,-3.23196698,39.90335206,ken_admin2.geojson,reference_baseline
HDX_COD_AB_KE,KE009043,admin2,Mandera East,KE009043,KE009,2019-10-31,,v01,2551.35587059,3.68396832,41.50129619,ken_admin2.geojson,reference_baseline
HDX_COD_AB_KE,KE009041,admin2,Mandera North,KE009041,KE009,2019-10-31,,v01,6129.76585199,3.60260564,40.64351088,ken_admin2.geojson,reference_baseline
HDX_COD_AB_KE,KE009042,admin2,Mandera South,KE009042,KE009,2019-10-31,,v01,5541.34174917,2.72142878,40.74666943,ken_admin2.geojson,reference_baseline
HDX_COD_AB_KE,KE009039,admin2,Mandera West,KE009039,KE009,2019-10-31,,v01,5174.64427828,3.457671,40.05793672,ken_admin2.geojson,reference_baseline
HDX_COD_AB_KE,KE014063,admin2,Manyatta,KE014063,KE014,2019-10-31,,v01,358.12934808,-0.37145568,37.44821558,ken_admin2.geojson,reference_baseline
HDX_COD_AB_KE,KE021108,admin2,Maragwa,KE021108,KE021,2019-10-31,,v01,461.98392841,-0.87824159,37.21574477,ken_admin2.geojson,reference_baseline
HDX_COD_AB_KE,KE028147,admin2,Marakwet East,KE028147,KE028,2019-10-31,,v01,810.53666154,1.13445213,35.5893243,ken_admin2.geojson,reference_baseline
HDX_COD_AB_KE,KE028148,admin2,Marakwet West,KE028148,KE028,2019-10-31,,v01,769.68888941,1.02338442,35.4147959,ken_admin2.geojson,reference_baseline
HDX_COD_AB_KE,KE016075,admin2,Masinga,KE016075,KE016,2019-10-31,,v01,1406.42807994,-0.94995884,37.60357685,ken_admin2.geojson,reference_baseline
HDX_COD_AB_KE,KE040228,admin2,Matayos,KE040228,KE040,2019-10-31,,v01,193.92215246,0.38958422,34.18067736,ken_admin2.geojson,reference_baseline
HDX_COD_AB_KE,KE047290,admin2,Mathare,KE047290,KE047,2019-10-31,,v01,2.90283576,-1.25594747,36.87049393,ken_admin2.geojson,reference_baseline
HDX_COD_AB_KE,KE021105,admin2,Mathioya,KE021105,KE021,2019-10-31,,v01,279.71824441,-0.63596023,36.99642543,ken_admin2.geojson,reference_baseline
HDX_COD_AB_KE,KE019096,admin2,Mathira,KE019096,KE019,2019-10-31,,v01,457.95821894,-0.35618234,37.15120684,ken_admin2.geojson,reference_baseline
HDX_COD_AB_KE,KE002009,admin2,Matuga,KE002009,KE002,2019-10-31,,v01,1053.85208386,-4.2386692,39.41383203,ken_admin2.geojson,reference_baseline
HDX_COD_AB_KE,KE037206,admin2,Matungu,KE037206,KE037,2019-10-31,,v01,277.81050403,0.38386236,34.46705847,ken_admin2.geojson,reference_baseline
HDX_COD_AB_KE,KE016078,admin2,Matungulu,KE016078,KE016,2019-10-31,,v01,581.41586151,-1.20644343,37.25313449,ken_admin2.geojson,reference_baseline
HDX_COD_AB_KE,KE016080,admin2,Mavoko,KE016080,KE016,2019-10-31,,v01,842.567792,-1.44663084,37.03988071,ken_admin2.geojson,reference_baseline
HDX_COD_AB_KE,KE017083,admin2,Mbooni,KE017083,KE017,2019-10-31,,v01,980.42325517,-1.65030828,37.59865069,ken_admin2.geojson,reference_baseline
HDX_COD_AB_KE,KE030161,admin2,Mogotio,KE030161,KE030,2019-10-31,,v01,1387.78053879,0.16560213,35.94638496,ken_admin2.geojson,reference_baseline
HDX_COD_AB_KE,KE027143,admin2,Moiben,KE027143,KE027,2019-10-31,,v01,775.85033114,0.7242198,35.39789789,ken_admin2.geojson,reference_baseline
HDX_COD_AB_KE,KE032166,admin2,Molo,KE032166,KE032,2019-10-31,,v01,511.1366102,-0.36309787,35.78461781,ken_admin2.geojson,reference_baseline
HDX_COD_AB_KE,KE029156,admin2,Mosop,KE029156,KE029,2019-10-31,,v01,584.29753449,0.41785023,35.06701199,ken_admin2.geojson,reference_baseline
HDX_COD_AB_KE,KE010045,admin2,Moyale,KE010045,KE010,2019-10-31,,v01,9343.76584728,2.90294072,38.84777847,ken_admin2.geojson,reference_baseline
HDX_COD_AB_KE,KE002007,admin2,Msambweni,KE002007,KE002,2019-10-31,,v01,359.69657845,-4.37313248,39.4868758,ken_admin2.geojson,reference_baseline
HDX_COD_AB_KE,KE039216,admin2,Mt. Elgon,KE039216,KE039,2019-10-31,,v01,954.89942907,0.95938854,34.60373552,ken_admin2.geojson,reference_baseline
HDX_COD_AB_KE,KE042243,admin2,Muhoroni,KE042243,KE042,2019-10-31,,v01,664.18695354,-0.12642964,35.08095019,ken_admin2.geojson,reference_baseline
HDX_COD_AB_KE,KE019098,admin2,Mukurweni,KE019098,KE019,2019-10-31,,v01,178.35896515,-0.57824859,37.07222721,ken_admin2.geojson,reference_baseline
HDX_COD_AB_KE,KE037205,admin2,Mumias East,KE037205,KE037,2019-10-31,,v01,174.96988208,0.33585585,34.58233593,ken_admin2.geojson,reference_baseline
HDX_COD_AB_KE,KE037204,admin2,Mumias West,KE037204,KE037,2019-10-31,,v01,138.33548583,0.27806666,34.42600084,ken_admin2.geojson,reference_baseline
HDX_COD_AB_KE,KE001006,admin2,Mvita,KE001006,KE001,2019-10-31,,v01,14.71895865,-4.05270054,39.66104458,ken_admin2.geojson,reference_baseline
HDX_COD_AB_KE,KE016082,admin2,Mwala,KE016082,KE016,2019-10-31,,v01,1018.84002522,-1.40123239,37.52209964,ken_admin2.geojson,reference_baseline
HDX_COD_AB_KE,KE006025,admin2,Mwatate,KE006025,KE006,2019-10-31,,v01,3691.54930728,-3.73418255,38.29150832,ken_admin2.geojson,reference_baseline
HDX_COD_AB_KE,KE020100,admin2,Mwea,KE020100,KE020,2019-10-31,,v01,432.50622431,-0.65464971,37.38374169,ken_admin2.geojson,reference_baseline
HDX_COD_AB_KE,KE015069,admin2,Mwingi East,KE015069,KE015,2019-10-31,,v01,4244.86494968,-0.92633766,38.4686501,ken_admin2.geojson,reference_baseline
HDX_COD_AB_KE,KE015067,admin2,Mwingi North,KE015067,KE015,2019-10-31,,v01,4697.32084279,-0.40655901,38.29181956,ken_admin2.geojson,reference_baseline
HDX_COD_AB_KE,KE015068,admin2,Mwingi West,KE015068,KE015,2019-10-31,,v01,1180.62622373,-0.95405507,37.97976817,ken_admin2.geojson,reference_baseline
HDX_COD_AB_KE,KE032168,admin2,Naivasha,KE032168,KE032,2019-10-31,,v01,1721.77461041,-0.88111109,36.36367928,ken_admin2.geojson,reference_baseline
HDX_COD_AB_KE,KE032176,admin2,Nakuru Town East,KE032176,KE032,2019-10-31,,v01,157.40521503,-0.37519787,36.12374515,ken_admin2.geojson,reference_baseline
HDX_COD_AB_KE,KE032175,admin2,Nakuru Town West,KE032175,KE032,2019-10-31,,v01,139.89161718,-0.36934787,36.06101985,ken_admin2.geojson,reference_baseline
HDX_COD_AB_KE,KE040227,admin2,Nambale,KE040227,KE040,2019-10-31,,v01,232.33592381,0.50463793,34.35705247,ken_admin2.geojson,reference_baseline
HDX_COD_AB_KE,KE029153,admin2,Nandi Hills,KE029153,KE029,2019-10-31,,v01,393.07995608,0.12210157,35.24514002,ken_admin2.geojson,reference_baseline
HDX_COD_AB_KE,KE033180,admin2,Narok East,KE033180,KE033,2019-10-31,,v01,2046.7679606,-1.1558466,36.13955862,ken_admin2.geojson,reference_baseline
HDX_COD_AB_KE,KE033179,admin2,Narok North,KE033179,KE033,2019-10-31,,v01,2723.42562322,-0.84151264,35.95158797,ken_admin2.geojson,reference_baseline
HDX_COD_AB_KE,KE033181,admin2,Narok South,KE033181,KE033,2019-10-31,,v01,4831.42004724,-1.35899454,35.76967649,ken_admin2.geojson,reference_baseline
HDX_COD_AB_KE,KE033182,admin2,Narok West,KE033182,KE033,2019-10-31,,v01,5446.62878001,-1.32263917,35.32111825,ken_admin2.geojson,reference_baseline
HDX_COD_AB_KE,KE037203,admin2,Navakholo,KE037203,KE037,2019-10-31,,v01,257.41824212,0.38969336,34.65756123,ken_admin2.geojson,reference_baseline
HDX_COD_AB_KE,KE018093,admin2,Ndaragwa,KE018093,KE018,2019-10-31,,v01,874.08576967,-0.0801936,36.49023185,ken_admin2.geojson,reference_baseline
HDX_COD_AB_KE,KE043250,admin2,Ndhiwa,KE043250,KE043,2019-10-31,,v01,695.40308063,-0.71250394,34.38417881,ken_admin2.geojson,reference_baseline
HDX_COD_AB_KE,KE020102,admin2,Ndia,KE020102,KE020,2019-10-31,,v01,338.3891408,-0.46760135,37.19901435,ken_admin2.geojson,reference_baseline
HDX_COD_AB_KE,KE013060,admin2,Nithi,KE013060,KE013,2019-10-31,,v01,598.15907511,-0.30065671,37.54491998,ken_admin2.geojson,reference_baseline
HDX_COD_AB_KE,KE032167,admin2,Njoro,KE032167,KE032,2019-10-31,,v01,782.5006151,-0.49559787,35.95796931,ken_admin2.geojson,reference_baseline
HDX_COD_AB_KE,KE010046,admin2,North Horr,KE010046,KE010,2019-10-31,,v01,40557.27319193,3.17623824,37.53880652,ken_admin2.geojson,reference_baseline
HDX_COD_AB_KE,KE012056,admin2,North Imenti,KE012056,KE012,2019-10-31,,v01,301.98285266,0.04430047,37.69236184,ken_admin2.geojson,reference_baseline
HDX_COD_AB_KE,KE046272,admin2,North Mugirango,KE046272,KE046,2019-10-31,,v01,170.34844557,-0.50303575,34.98241207,ken_admin2.geojson,reference_baseline
HDX_COD_AB_KE,KE042244,admin2,Nyakach,KE042244,KE042,2019-10-31,,v01,402.5355251,-0.31892162,34.90343142,ken_admin2.geojson,reference_baseline
HDX_COD_AB_KE,KE001004,admin2,Nyali,KE001004,KE001,2019-10-31,,v01,22.80051151,-4.03083999,39.70041579,ken_admin2.geojson,reference_baseline
HDX_COD_AB_KE,KE042242,admin2,Nyando,KE042242,KE042,2019-10-31,,v01,603.08903028,-0.20671745,34.85598911,ken_admin2.geojson,reference_baseline
HDX_COD_AB_KE,KE045267,admin2,Nyaribari Chache,KE045267,KE045,2019-10-31,,v01,135.95445101,-0.73667733,34.82169836,ken_admin2.geojson,reference_baseline
HDX_COD_AB_KE,KE045266,admin2,Nyaribari Masaba,KE045266,KE045,2019-10-31,,v01,159.17225598,-0.83555349,34.9276948,ken_admin2.geojson,reference_baseline
HDX_COD_AB_KE,KE044258,admin2,Nyatike,KE044258,KE044,2019-10-31,,v01,1214.09404956,-0.92785394,34.13412083,ken_admin2.geojson,reference_baseline
HDX_COD_AB_KE,KE019099,admin2,Nyeri Town,KE019099,KE019,2019-10-31,,v01,169.19463615,-0.41686121,36.96974163,ken_admin2.geojson,reference_baseline
HDX_COD_AB_KE,KE018092,admin2,Ol Jorok,KE018092,KE018,2019-10-31,,v01,625.3801669,-0.17835241,36.25865773,ken_admin2.geojson,reference_baseline
HDX_COD_AB_KE,KE018091,admin2,Ol Kalou,KE018091,KE018,2019-10-31,,v01,287.19919837,-0.30854661,36.35731184,ken_admin2.geojson,reference_baseline
HDX_COD_AB_KE,KE019097,admin2,Othaya,KE019097,KE019,2019-10-31,,v01,356.44998757,-0.55332604,36.83060449,ken_admin2.geojson,reference_baseline
HDX_COD_AB_KE,KE024132,admin2,Pokot South,KE024132,KE024,2019-10-31,,v01,1267.74716967,1.33881199,35.29046562,ken_admin2.geojson,reference_baseline
HDX_COD_AB_KE,KE003014,admin2,Rabai,KE003014,KE003,2019-10-31,,v01,233.9353371,-3.88552252,39.62677311,ken_admin2.geojson,reference_baseline
HDX_COD_AB_KE,KE043248,admin2,Rangwe,KE043248,KE043,2019-10-31,,v01,290.7323395,-0.51317306,34.56974441,ken_admin2.geojson,reference_baseline
HDX_COD_AB_KE,KE041237,admin2,Rarieda,KE041237,KE041,2019-10-31,,v01,679.163389,-0.24595225,34.35461642,ken_admin2.geojson,reference_baseline
HDX_COD_AB_KE,KE032173,admin2,Rongai,KE032173,KE032,2019-10-31,,v01,1021.44930788,-0.06004787,36.02804676,ken_admin2.geojson,reference_baseline
HDX_COD_AB_KE,KE044253,admin2,Rongo,KE044253,KE044,2019-10-31,,v01,212.57939756,-0.81635394,34.59807532,ken_admin2.geojson,reference_baseline
HDX_COD_AB_KE,KE047279,admin2,Roysambu,KE047279,KE047,2019-10-31,,v01,48.10435805,-1.20801234,36.87854203,ken_admin2.geojson,reference_baseline
HDX_COD_AB_KE,KE047281,admin2,Ruaraka,KE047281,KE047,2019-10-31,,v01,7.17967253,-1.24575497,36.87807589,ken_admin2.geojson,reference_baseline
HDX_COD_AB_KE,KE022115,admin2,Ruiru,KE022115,KE022,2019-10-31,,v01,153.11843811,-1.19431299,37.01984706,ken_admin2.geojson,reference_baseline
HDX_COD_AB_KE,KE014064,admin2,Runyenjes,KE014064,KE014,2019-10-31,,v01,371.82964798,-0.33590178,37.49483774,ken_admin2.geojson,reference_baseline
HDX_COD_AB_KE,KE038212,admin2,Sabatia,KE038212,KE038,2019-10-31,,v01,111.48944961,0.11495373,34.7488733,ken_admin2.geojson,reference_baseline
HDX_COD_AB_KE,KE026138,admin2,Saboti,KE026138,KE026,2019-10-31,,v01,354.81144585,0.94905981,34.81755753,ken_admin2.geojson,reference_baseline
HDX_COD_AB_KE,KE010047,admin2,Saku,KE010047,KE010,2019-10-31,,v01,2046.53834899,2.37631428,37.94960236,ken_admin2.geojson,reference_baseline
HDX_COD_AB_KE,KE025135,admin2,Samburu East,KE025135,KE025,2019-10-31,,v01,10059.12548055,1.10915464,37.53498951,ken_admin2.geojson,reference_baseline
HDX_COD_AB_KE,KE025134,admin2,Samburu North,KE025134,KE025,2019-10-31,,v01,8480.79535328,1.70482952,36.93109476,ken_admin2.geojson,reference_baseline
HDX_COD_AB_KE,KE025133,admin2,Samburu West,KE025133,KE025,2019-10-31,,v01,2475.74881153,1.09058576,36.60470481,ken_admin2.geojson,reference_baseline
HDX_COD_AB_KE,KE042241,admin2,Seme,KE042241,KE042,2019-10-31,,v01,449.10336962,-0.15725807,34.50600502,ken_admin2.geojson,reference_baseline
HDX_COD_AB_KE,KE037209,admin2,Shinyalu,KE037209,KE037,2019-10-31,,v01,408.33667337,0.28862331,34.87303738,ken_admin2.geojson,reference_baseline
HDX_COD_AB_KE,KE014066,admin2,Siakago,KE014066,KE014,2019-10-31,,v01,770.40198798,-0.50362115,37.79062065,ken_admin2.geojson,reference_baseline
HDX_COD_AB_KE,KE024130,admin2,Sigor,KE024130,KE024,2019-10-31,,v01,2150.74853342,1.57603801,35.58475392,ken_admin2.geojson,reference_baseline
HDX_COD_AB_KE,KE035193,admin2,Sigowet/Soin,KE035193,KE035,2019-10-31,,v01,464.38327966,-0.32563141,35.09416551,ken_admin2.geojson,reference_baseline
HDX_COD_AB_KE,KE039217,admin2,Sirisia,KE039217,KE039,2019-10-31,,v01,210.14298645,0.73702666,34.49508725,ken_admin2.geojson,reference_baseline
HDX_COD_AB_KE,KE036194,admin2,Sotik,KE036194,KE036,2019-10-31,,v01,475.53823377,-0.76531307,35.1444925,ken_admin2.geojson,reference_baseline
HDX_COD_AB_KE,KE012059,admin2,South Imenti,KE012059,KE012,2019-10-31,,v01,661.7099844,-0.11711022,37.61606659,ken_admin2.geojson,reference_baseline
HDX_COD_AB_KE,KE045262,admin2,South Mugirango,KE045262,KE045,2019-10-31,,v01,207.4239243,-0.8367771,34.65109554,ken_admin2.geojson,reference_baseline
HDX_COD_AB_KE,KE027141,admin2,Soy,KE027141,KE027,2019-10-31,,v01,655.44441581,0.73619222,35.22785238,ken_admin2.geojson,reference_baseline
HDX_COD_AB_KE,KE047289,admin2,Starehe,KE047289,KE047,2019-10-31,,v01,16.83635222,-1.28990184,36.82862377,ken_admin2.geojson,reference_baseline
HDX_COD_AB_KE,KE043251,admin2,Suba North,KE043251,KE043,2019-10-31,,v01,1050.86783277,-0.50475394,34.32193803,ken_admin2.geojson,reference_baseline
HDX_COD_AB_KE,KE043252,admin2,Suba South,KE043252,KE043,2019-10-31,,v01,1173.04812285,-0.65110394,34.10718108,ken_admin2.geojson,reference_baseline
HDX_COD_AB_KE,KE032172,admin2,Subukia,KE032172,KE032,2019-10-31,,v01,454.25502196,0.02495213,36.22202038,ken_admin2.geojson,reference_baseline
HDX_COD_AB_KE,KE044255,admin2,Suna East,KE044255,KE044,2019-10-31,,v01,206.68162545,-1.06605394,34.52460603,ken_admin2.geojson,reference_baseline
HDX_COD_AB_KE,KE044256,admin2,Suna West,KE044256,KE044,2019-10-31,,v01,284.15681995,-1.09155394,34.36813577,ken_admin2.geojson,reference_baseline
HDX_COD_AB_KE,KE008035,admin2,Tarbaj,KE008035,KE008,2019-10-31,,v01,7544.37103586,2.37922878,40.25136576,ken_admin2.geojson,reference_baseline
HDX_COD_AB_KE,KE006023,admin2,Taveta,KE006023,KE006,2019-10-31,,v01,4007.26942629,-3.43898577,37.85891485,ken_admin2.geojson,reference_baseline
HDX_COD_AB_KE,KE040225,admin2,Teso North,KE040225,KE040,2019-10-31,,v01,254.07397094,0.68056666,34.34379695,ken_admin2.geojson,reference_baseline
HDX_COD_AB_KE,KE040226,admin2,Teso South,KE040226,KE040,2019-10-31,,v01,304.31938202,0.53850794,34.23401264,ken_admin2.geojson,reference_baseline
HDX_COD_AB_KE,KE019094,admin2,Tetu,KE019094,KE019,2019-10-31,,v01,358.51357373,-0.45314156,36.82206294,ken_admin2.geojson,reference_baseline
HDX_COD_AB_KE,KE013062,admin2,Tharaka,KE013062,KE013,2019-10-31,,v01,1477.94740177,-0.17970192,37.99640617,ken_admin2.geojson,reference_baseline
HDX_COD_AB_KE,KE022114,admin2,Thika Town,KE022114,KE022,2019-10-31,,v01,219.10537687,-1.05555442,37.1770449,ken_admin2.geojson,reference_baseline
HDX_COD_AB_KE,KE030157,admin2,Tiaty,KE030157,KE030,2019-10-31,,v01,4446.5018539,1.14390103,35.95054449,ken_admin2.geojson,reference_baseline
HDX_COD_AB_KE,KE012055,admin2,Tigania East,KE012055,KE012,2019-10-31,,v01,833.31638887,0.26986134,37.78319389,ken_admin2.geojson,reference_baseline
HDX_COD_AB_KE,KE012054,admin2,Tigania West,KE012054,KE012,2019-10-31,,v01,391.49200242,0.17129208,37.74363395,ken_admin2.geojson,reference_baseline
HDX_COD_AB_KE,KE029151,admin2,Tinderet,KE029151,KE029,2019-10-31,,v01,541.6892369,-0.00821077,35.26049585,ken_admin2.geojson,reference_baseline
HDX_COD_AB_KE,KE039224,admin2,Tongaren,KE039224,KE039,2019-10-31,,v01,375.43925894,0.77756929,34.93479758,ken_admin2.geojson,reference_baseline
HDX_COD_AB_KE,KE027142,admin2,Turbo,KE027142,KE027,2019-10-31,,v01,435.05778745,0.60069578,35.09846371,ken_admin2.geojson,reference_baseline
HDX_COD_AB_KE,KE023125,admin2,Turkana Central,KE023125,KE023,2019-10-31,,v01,6615.80675614,3.13173735,35.85090782,ken_admin2.geojson,reference_baseline
HDX_COD_AB_KE,KE023128,admin2,Turkana East,KE023128,KE023,2019-10-31,,v01,11183.87105938,1.87194966,36.14241538,ken_admin2.geojson,reference_baseline
HDX_COD_AB_KE,KE023123,admin2,Turkana North,KE023123,KE023,2019-10-31,,v01,20482.24260698,4.3760376,35.55307763,ken_admin2.geojson,reference_baseline
HDX_COD_AB_KE,KE023127,admin2,Turkana South,KE023127,KE023,2019-10-31,,v01,7419.5486756,2.37789917,35.70025917,ken_admin2.geojson,reference_baseline
HDX_COD_AB_KE,KE023124,admin2,Turkana West,KE023124,KE023,2019-10-31,,v01,14684.24807286,4.05175781,34.59598106,ken_admin2.geojson,reference_baseline
HDX_COD_AB_KE,KE041232,admin2,Ugenya,KE041232,KE041,2019-10-31,,v01,321.05934445,0.21731754,34.20464567,ken_admin2.geojson,reference_baseline
HDX_COD_AB_KE,KE041233,admin2,Ugunja,KE041233,KE041,2019-10-31,,v01,199.17755302,0.2070586,34.3402606,ken_admin2.geojson,reference_baseline
HDX_COD_AB_KE,KE044257,admin2,Uriri,KE044257,KE044,2019-10-31,,v01,383.77929731,-0.94320394,34.43487188,ken_admin2.geojson,reference_baseline
HDX_COD_AB_KE,KE038211,admin2,Vihiga,KE038211,KE038,2019-10-31,,v01,89.52488194,0.03155753,34.69029154,ken_admin2.geojson,reference_baseline
HDX_COD_AB_KE,KE006026,admin2,Voi,KE006026,KE006,2019-10-31,,v01,8581.29248601,-3.33802243,38.79424364,ken_admin2.geojson,reference_baseline
HDX_COD_AB_KE,KE008034,admin2,Wajir East,KE008034,KE008,2019-10-31,,v01,4279.58031917,2.00619507,40.7082978,ken_admin2.geojson,reference_baseline
HDX_COD_AB_KE,KE008033,admin2,Wajir North,KE008033,KE008,2019-10-31,,v01,10398.86500056,2.98934392,39.75345509,ken_admin2.geojson,reference_baseline
HDX_COD_AB_KE,KE008038,admin2,Wajir South,KE008038,KE008,2019-10-31,,v01,21580.6221263,0.96433624,40.23985783,ken_admin2.geojson,reference_baseline
HDX_COD_AB_KE,KE008036,admin2,Wajir West,KE008036,KE008,2019-10-31,,v01,8124.32104518,1.64850455,39.67596986,ken_admin2.geojson,reference_baseline
HDX_COD_AB_KE,KE039221,admin2,Webuye East,KE039221,KE039,2019-10-31,,v01,163.95550759,0.65294909,34.79716654,ken_admin2.geojson,reference_baseline
HDX_COD_AB_KE,KE039222,admin2,Webuye West,KE039222,KE039,2019-10-31,,v01,236.07019054,0.59749675,34.71666272,ken_admin2.geojson,reference_baseline
HDX_COD_AB_KE,KE046271,admin2,West Mugirango,KE046271,KE046,2019-10-31,,v01,179.82221119,-0.57212475,34.91133369,ken_admin2.geojson,reference_baseline
HDX_COD_AB_KE,KE047274,admin2,Westlands,KE047274,KE047,2019-10-31,,v01,72.70426971,-1.23206086,36.79537519,ken_admin2.geojson,reference_baseline
HDX_COD_AB_KE,KE006024,admin2,Wundanyi,KE006024,KE006,2019-10-31,,v01,850.95271696,-3.29923698,38.26943486,ken_admin2.geojson,reference_baseline
HDX_COD_AB_KE,KE016076,admin2,Yatta,KE016076,KE016,2019-10-31,,v01,1060.93373705,-1.2419429,37.58482105,ken_admin2.geojson,reference_baseline
