predicate,domain_class,range_class,notes
controls,Person,UserAccount,Union signature; validate the concrete class pair at ingestion time.
represents,UserAccount,Person,Explicit signature.
represents,Drawing,BuildingElement,Explicit signature.
represents,Drawing,BIMElementReference,Explicit signature.
represents,Evidence,BusinessEvent,Explicit signature.
member_of,Person,Organization,Union signature; validate the concrete class pair at ingestion time.
has_organization_role,Organization,OrganizationRole,Union signature; validate the concrete class pair at ingestion time.
has_persona,Person,Persona,Union signature; validate the concrete class pair at ingestion time.
has_persona,Organization,Persona,Union signature; validate the concrete class pair at ingestion time.
assigned_project_role,Person,ProjectRoleAssignment,Union signature; validate the concrete class pair at ingestion time.
assigned_project_role,Organization,ProjectRoleAssignment,Union signature; validate the concrete class pair at ingestion time.
on_project,ProjectRoleAssignment,Project,Union signature; validate the concrete class pair at ingestion time.
grants_access,Workspace,AccessGrant,Union signature; validate the concrete class pair at ingestion time.
grants_access,RoleDefinition,AccessGrant,Union signature; validate the concrete class pair at ingestion time.
operates,Organization,Facility,Union signature; validate the concrete class pair at ingestion time.
owns_or_controls,Person,Property,Union signature; validate the concrete class pair at ingestion time.
owns_or_controls,Person,Asset,Union signature; validate the concrete class pair at ingestion time.
owns_or_controls,Person,Vehicle,Union signature; validate the concrete class pair at ingestion time.
owns_or_controls,Organization,Property,Union signature; validate the concrete class pair at ingestion time.
owns_or_controls,Organization,Asset,Union signature; validate the concrete class pair at ingestion time.
owns_or_controls,Organization,Vehicle,Union signature; validate the concrete class pair at ingestion time.
employs_or_authorizes,Organization,Person,Union signature; validate the concrete class pair at ingestion time.
has_beneficial_owner,Organization,Person,Union signature; validate the concrete class pair at ingestion time.
has_beneficial_owner,Organization,Organization,Union signature; validate the concrete class pair at ingestion time.
authorized_by,Organization,Organization,Union signature; validate the concrete class pair at ingestion time.
has_site,Project,Site,Union signature; validate the concrete class pair at ingestion time.
has_geo_observation,Site,GeoObservation,Union signature; validate the concrete class pair at ingestion time.
has_geo_observation,Facility,GeoObservation,Union signature; validate the concrete class pair at ingestion time.
has_geo_observation,Vehicle,GeoObservation,Union signature; validate the concrete class pair at ingestion time.
has_geo_observation,Driver,GeoObservation,Union signature; validate the concrete class pair at ingestion time.
has_geo_observation,Address,GeoObservation,Union signature; validate the concrete class pair at ingestion time.
addressed_by,Site,Address,Union signature; validate the concrete class pair at ingestion time.
addressed_by,Facility,Address,Union signature; validate the concrete class pair at ingestion time.
addressed_by,Person,Address,Union signature; validate the concrete class pair at ingestion time.
addressed_by,Organization,Address,Union signature; validate the concrete class pair at ingestion time.
spatially_member_of,Site,GeographicUnit,Union signature; validate the concrete class pair at ingestion time.
spatially_member_of,Facility,GeographicUnit,Union signature; validate the concrete class pair at ingestion time.
spatially_member_of,Address,GeographicUnit,Union signature; validate the concrete class pair at ingestion time.
spatially_member_of,Property,GeographicUnit,Union signature; validate the concrete class pair at ingestion time.
uses_boundary_version,SpatialMembership,BoundaryVersion,Union signature; validate the concrete class pair at ingestion time.
has_postal_reference,Site,PostalArea,Union signature; validate the concrete class pair at ingestion time.
has_postal_reference,Site,PostOffice,Union signature; validate the concrete class pair at ingestion time.
has_postal_reference,Address,PostalArea,Union signature; validate the concrete class pair at ingestion time.
has_postal_reference,Address,PostOffice,Union signature; validate the concrete class pair at ingestion time.
has_postal_reference,Facility,PostalArea,Union signature; validate the concrete class pair at ingestion time.
has_postal_reference,Facility,PostOffice,Union signature; validate the concrete class pair at ingestion time.
falls_under,Site,Jurisdiction,Union signature; validate the concrete class pair at ingestion time.
falls_under,Project,Jurisdiction,Union signature; validate the concrete class pair at ingestion time.
administered_by,Jurisdiction,Authority,Union signature; validate the concrete class pair at ingestion time.
serves,Facility,DeliveryZone,Union signature; validate the concrete class pair at ingestion time.
serves,Carrier,DeliveryZone,Union signature; validate the concrete class pair at ingestion time.
has_property_context,Project,Property,Union signature; validate the concrete class pair at ingestion time.
has_property_context,Project,Parcel,Union signature; validate the concrete class pair at ingestion time.
owned_by,Project,Person,Union signature; validate the concrete class pair at ingestion time.
owned_by,Project,Organization,Union signature; validate the concrete class pair at ingestion time.
owned_by,Property,Person,Union signature; validate the concrete class pair at ingestion time.
owned_by,Property,Organization,Union signature; validate the concrete class pair at ingestion time.
owned_by,Asset,Person,Union signature; validate the concrete class pair at ingestion time.
owned_by,Asset,Organization,Union signature; validate the concrete class pair at ingestion time.
initiated_by,Project,Actor,Union signature; validate the concrete class pair at ingestion time.
has_phase,Project,ProjectPhase,Union signature; validate the concrete class pair at ingestion time.
has_gate,ProjectPhase,PhaseGate,Union signature; validate the concrete class pair at ingestion time.
has_building,Project,Building,Union signature; validate the concrete class pair at ingestion time.
has_building,Property,Building,Union signature; validate the concrete class pair at ingestion time.
has_system,Building,BuildingSystem,Union signature; validate the concrete class pair at ingestion time.
has_element,BuildingSystem,BuildingElement,Union signature; validate the concrete class pair at ingestion time.
has_element,Building,BuildingElement,Union signature; validate the concrete class pair at ingestion time.
contains_space,Building,Floor,Union signature; validate the concrete class pair at ingestion time.
contains_space,Building,Space,Union signature; validate the concrete class pair at ingestion time.
contains_space,Floor,Floor,Union signature; validate the concrete class pair at ingestion time.
contains_space,Floor,Space,Union signature; validate the concrete class pair at ingestion time.
contains_room,Space,Room,Union signature; validate the concrete class pair at ingestion time.
contains_wbs,Project,WBSNode,Union signature; validate the concrete class pair at ingestion time.
contains_wbs,ProjectPhase,WBSNode,Union signature; validate the concrete class pair at ingestion time.
contains_wbs,Contract,WBSNode,Union signature; validate the concrete class pair at ingestion time.
decomposes_into,WBSNode,WBSNode,Union signature; validate the concrete class pair at ingestion time.
decomposes_into,WBSNode,WorkPackage,Union signature; validate the concrete class pair at ingestion time.
decomposes_into,WBSNode,Deliverable,Union signature; validate the concrete class pair at ingestion time.
contains_activity,WorkPackage,Activity,Union signature; validate the concrete class pair at ingestion time.
contains_activity,WBSNode,Activity,Union signature; validate the concrete class pair at ingestion time.
has_task,Activity,Task,Union signature; validate the concrete class pair at ingestion time.
schedules,Programme,Activity,Union signature; validate the concrete class pair at ingestion time.
schedules,Programme,Task,Union signature; validate the concrete class pair at ingestion time.
schedules,Programme,Milestone,Union signature; validate the concrete class pair at ingestion time.
depends_on,Activity,Activity,Union signature; validate the concrete class pair at ingestion time.
depends_on,Activity,Task,Union signature; validate the concrete class pair at ingestion time.
depends_on,Activity,Approval,Union signature; validate the concrete class pair at ingestion time.
depends_on,Activity,Delivery,Union signature; validate the concrete class pair at ingestion time.
depends_on,Activity,ProjectRequirement,Union signature; validate the concrete class pair at ingestion time.
depends_on,Task,Activity,Union signature; validate the concrete class pair at ingestion time.
depends_on,Task,Task,Union signature; validate the concrete class pair at ingestion time.
depends_on,Task,Approval,Union signature; validate the concrete class pair at ingestion time.
depends_on,Task,Delivery,Union signature; validate the concrete class pair at ingestion time.
depends_on,Task,ProjectRequirement,Union signature; validate the concrete class pair at ingestion time.
depends_on,Milestone,Activity,Union signature; validate the concrete class pair at ingestion time.
depends_on,Milestone,Task,Union signature; validate the concrete class pair at ingestion time.
depends_on,Milestone,Approval,Union signature; validate the concrete class pair at ingestion time.
depends_on,Milestone,Delivery,Union signature; validate the concrete class pair at ingestion time.
depends_on,Milestone,ProjectRequirement,Union signature; validate the concrete class pair at ingestion time.
depends_on,ProjectRequirement,Activity,Union signature; validate the concrete class pair at ingestion time.
depends_on,ProjectRequirement,Task,Union signature; validate the concrete class pair at ingestion time.
depends_on,ProjectRequirement,Approval,Union signature; validate the concrete class pair at ingestion time.
depends_on,ProjectRequirement,Delivery,Union signature; validate the concrete class pair at ingestion time.
depends_on,ProjectRequirement,ProjectRequirement,Union signature; validate the concrete class pair at ingestion time.
consumes_resource,Activity,Resource,Union signature; validate the concrete class pair at ingestion time.
consumes_resource,Activity,Product,Union signature; validate the concrete class pair at ingestion time.
consumes_resource,Activity,Material,Union signature; validate the concrete class pair at ingestion time.
consumes_resource,Task,Resource,Union signature; validate the concrete class pair at ingestion time.
consumes_resource,Task,Product,Union signature; validate the concrete class pair at ingestion time.
consumes_resource,Task,Material,Union signature; validate the concrete class pair at ingestion time.
produces,Activity,Deliverable,Explicit signature.
produces,Activity,Installation,Explicit signature.
produces,Activity,ProgressMeasurement,Explicit signature.
produces,Task,Deliverable,Explicit signature.
produces,Task,Installation,Explicit signature.
produces,Task,ProgressMeasurement,Explicit signature.
produces,AIJob,AIOutput,Explicit signature.
produces,AIJob,Recommendation,Explicit signature.
produces,AIJob,ActionRequest,Explicit signature.
installed_at,Product,BuildingElement,Union signature; validate the concrete class pair at ingestion time.
installed_at,Product,Space,Union signature; validate the concrete class pair at ingestion time.
installed_at,Product,Asset,Union signature; validate the concrete class pair at ingestion time.
installed_at,Material,BuildingElement,Union signature; validate the concrete class pair at ingestion time.
installed_at,Material,Space,Union signature; validate the concrete class pair at ingestion time.
installed_at,Material,Asset,Union signature; validate the concrete class pair at ingestion time.
installed_at,Installation,BuildingElement,Union signature; validate the concrete class pair at ingestion time.
installed_at,Installation,Space,Union signature; validate the concrete class pair at ingestion time.
installed_at,Installation,Asset,Union signature; validate the concrete class pair at ingestion time.
has_version,DocumentRecord,DocumentVersion,Union signature; validate the concrete class pair at ingestion time.
specifies,Specification,Product,Union signature; validate the concrete class pair at ingestion time.
specifies,Specification,ProductSpecification,Union signature; validate the concrete class pair at ingestion time.
specifies,Specification,WorkPackage,Union signature; validate the concrete class pair at ingestion time.
specifies,Drawing,Product,Union signature; validate the concrete class pair at ingestion time.
specifies,Drawing,ProductSpecification,Union signature; validate the concrete class pair at ingestion time.
specifies,Drawing,WorkPackage,Union signature; validate the concrete class pair at ingestion time.
specifies,Submittal,Product,Union signature; validate the concrete class pair at ingestion time.
specifies,Submittal,ProductSpecification,Union signature; validate the concrete class pair at ingestion time.
specifies,Submittal,WorkPackage,Union signature; validate the concrete class pair at ingestion time.
submitted_for,Submittal,Review,Union signature; validate the concrete class pair at ingestion time.
submitted_for,Submittal,Approval,Union signature; validate the concrete class pair at ingestion time.
submitted_for,DocumentRecord,Review,Union signature; validate the concrete class pair at ingestion time.
submitted_for,DocumentRecord,Approval,Union signature; validate the concrete class pair at ingestion time.
represented_by,Evidence,DocumentVersion,Union signature; validate the concrete class pair at ingestion time.
represented_by,Evidence,GeoObservation,Union signature; validate the concrete class pair at ingestion time.
represented_by,Evidence,BusinessEvent,Union signature; validate the concrete class pair at ingestion time.
reviewed_by,Review,ProjectRoleAssignment,Union signature; validate the concrete class pair at ingestion time.
reviewed_by,Review,Authority,Union signature; validate the concrete class pair at ingestion time.
approved_by,Approval,ProjectRoleAssignment,Explicit signature.
approved_by,Approval,Authority,Explicit signature.
approved_by,ActionRequest,Person,Explicit signature.
approved_by,ActionRequest,Organization,Explicit signature.
approved_by,ActionRequest,Approval,Explicit signature.
approved_by,AIOutput,Person,Explicit signature.
approved_by,AIOutput,Organization,Explicit signature.
approved_by,AIOutput,Approval,Explicit signature.
supersedes,DocumentVersion,DocumentVersion,Union signature; validate the concrete class pair at ingestion time.
supersedes,DocumentVersion,ContractVersion,Union signature; validate the concrete class pair at ingestion time.
supersedes,DocumentVersion,ScheduleUpdate,Union signature; validate the concrete class pair at ingestion time.
supersedes,ContractVersion,DocumentVersion,Union signature; validate the concrete class pair at ingestion time.
supersedes,ContractVersion,ContractVersion,Union signature; validate the concrete class pair at ingestion time.
supersedes,ContractVersion,ScheduleUpdate,Union signature; validate the concrete class pair at ingestion time.
supersedes,ScheduleUpdate,DocumentVersion,Union signature; validate the concrete class pair at ingestion time.
supersedes,ScheduleUpdate,ContractVersion,Union signature; validate the concrete class pair at ingestion time.
supersedes,ScheduleUpdate,ScheduleUpdate,Union signature; validate the concrete class pair at ingestion time.
classified_by,Product,ClassificationAssignment,Union signature; validate the concrete class pair at ingestion time.
classified_by,BOQItem,ClassificationAssignment,Union signature; validate the concrete class pair at ingestion time.
classified_by,WBSNode,ClassificationAssignment,Union signature; validate the concrete class pair at ingestion time.
classified_by,BuildingElement,ClassificationAssignment,Union signature; validate the concrete class pair at ingestion time.
classified_by,Specification,ClassificationAssignment,Union signature; validate the concrete class pair at ingestion time.
crosswalks_to,ClassificationCode,ClassificationCode,Union signature; validate the concrete class pair at ingestion time.
has_rule_applicability,Project,RuleApplicability,Union signature; validate the concrete class pair at ingestion time.
has_rule_applicability,Site,RuleApplicability,Union signature; validate the concrete class pair at ingestion time.
has_rule_applicability,ProductSpecification,RuleApplicability,Union signature; validate the concrete class pair at ingestion time.
has_rule_applicability,Organization,RuleApplicability,Union signature; validate the concrete class pair at ingestion time.
has_rule_applicability,TransactionLedgerEntry,RuleApplicability,Union signature; validate the concrete class pair at ingestion time.
requires_permit,Project,Permit,Union signature; validate the concrete class pair at ingestion time.
requires_permit,Site,Permit,Union signature; validate the concrete class pair at ingestion time.
requires_permit,Organization,Permit,Union signature; validate the concrete class pair at ingestion time.
has_variant,Product,ProductVariant,Union signature; validate the concrete class pair at ingestion time.
has_variant,Product,Product,Union signature; validate the concrete class pair at ingestion time.
has_variant,ProductFamily,ProductVariant,Union signature; validate the concrete class pair at ingestion time.
has_variant,ProductFamily,Product,Union signature; validate the concrete class pair at ingestion time.
has_brand,Product,Brand,Union signature; validate the concrete class pair at ingestion time.
has_brand,ProductVariant,Brand,Union signature; validate the concrete class pair at ingestion time.
manufactured_by,Product,Organization,Union signature; validate the concrete class pair at ingestion time.
manufactured_by,ProductVariant,Organization,Union signature; validate the concrete class pair at ingestion time.
has_material,Product,Material,Union signature; validate the concrete class pair at ingestion time.
has_material,ProductSpecification,Material,Union signature; validate the concrete class pair at ingestion time.
has_specification,Product,ProductSpecification,Union signature; validate the concrete class pair at ingestion time.
has_specification,ProductOffer,ProductSpecification,Union signature; validate the concrete class pair at ingestion time.
has_specification,ProjectRequirement,ProductSpecification,Union signature; validate the concrete class pair at ingestion time.
offered_by,ProductOffer,Organization,Union signature; validate the concrete class pair at ingestion time.
available_at,ProductOffer,Facility,Union signature; validate the concrete class pair at ingestion time.
available_at,ProductOffer,Warehouse,Union signature; validate the concrete class pair at ingestion time.
available_at,InventoryPosition,Facility,Union signature; validate the concrete class pair at ingestion time.
available_at,InventoryPosition,Warehouse,Union signature; validate the concrete class pair at ingestion time.
for_variant,ProductOffer,ProductVariant,Union signature; validate the concrete class pair at ingestion time.
for_variant,AvailabilityObservation,ProductVariant,Union signature; validate the concrete class pair at ingestion time.
for_variant,PriceObservation,ProductVariant,Union signature; validate the concrete class pair at ingestion time.
has_price_observation,ProductOffer,PriceObservation,Union signature; validate the concrete class pair at ingestion time.
has_availability_observation,ProductOffer,AvailabilityObservation,Union signature; validate the concrete class pair at ingestion time.
has_availability_observation,Facility,AvailabilityObservation,Union signature; validate the concrete class pair at ingestion time.
allows_substitution,ProductSpecification,Product,Union signature; validate the concrete class pair at ingestion time.
allows_substitution,ProductSpecification,ProductVariant,Union signature; validate the concrete class pair at ingestion time.
requires_specification,ProjectRequirement,ProductSpecification,Union signature; validate the concrete class pair at ingestion time.
requires_specification,BOQItem,ProductSpecification,Union signature; validate the concrete class pair at ingestion time.
satisfied_by,ProjectRequirement,Product,Union signature; validate the concrete class pair at ingestion time.
satisfied_by,ProjectRequirement,ProductOffer,Union signature; validate the concrete class pair at ingestion time.
satisfied_by,ProjectRequirement,ServiceOffering,Union signature; validate the concrete class pair at ingestion time.
satisfied_by,BOQItem,Product,Union signature; validate the concrete class pair at ingestion time.
satisfied_by,BOQItem,ProductOffer,Union signature; validate the concrete class pair at ingestion time.
satisfied_by,BOQItem,ServiceOffering,Union signature; validate the concrete class pair at ingestion time.
maps_to,BOQItem,Product,Union signature; validate the concrete class pair at ingestion time.
maps_to,BOQItem,ProductVariant,Union signature; validate the concrete class pair at ingestion time.
maps_to,BOQItem,ServiceOffering,Union signature; validate the concrete class pair at ingestion time.
maps_to,ProjectRequirement,Product,Union signature; validate the concrete class pair at ingestion time.
maps_to,ProjectRequirement,ProductVariant,Union signature; validate the concrete class pair at ingestion time.
maps_to,ProjectRequirement,ServiceOffering,Union signature; validate the concrete class pair at ingestion time.
priced_by,BOQItem,Rate,Union signature; validate the concrete class pair at ingestion time.
priced_by,BOQItem,PriceObservation,Union signature; validate the concrete class pair at ingestion time.
priced_by,Activity,Rate,Union signature; validate the concrete class pair at ingestion time.
priced_by,Activity,PriceObservation,Union signature; validate the concrete class pair at ingestion time.
priced_by,WorkPackage,Rate,Union signature; validate the concrete class pair at ingestion time.
priced_by,WorkPackage,PriceObservation,Union signature; validate the concrete class pair at ingestion time.
allocates_to,Budget,CostCode,Union signature; validate the concrete class pair at ingestion time.
allocates_to,Budget,BOQItem,Union signature; validate the concrete class pair at ingestion time.
allocates_to,Budget,WorkPackage,Union signature; validate the concrete class pair at ingestion time.
creates_commitment,PurchaseOrder,Commitment,Union signature; validate the concrete class pair at ingestion time.
creates_commitment,Contract,Commitment,Union signature; validate the concrete class pair at ingestion time.
creates_commitment,Subcontract,Commitment,Union signature; validate the concrete class pair at ingestion time.
incurs,Project,Expense,Union signature; validate the concrete class pair at ingestion time.
incurs,Commitment,Expense,Union signature; validate the concrete class pair at ingestion time.
incurs,PurchaseOrder,Expense,Union signature; validate the concrete class pair at ingestion time.
incurs,Delivery,Expense,Union signature; validate the concrete class pair at ingestion time.
contains_line,BOQ,BOQItem,Union signature; validate the concrete class pair at ingestion time.
contains_line,BOQ,QuotationLine,Union signature; validate the concrete class pair at ingestion time.
contains_line,BOQ,PurchaseOrderLine,Union signature; validate the concrete class pair at ingestion time.
contains_line,BOQ,ProcurementLine,Union signature; validate the concrete class pair at ingestion time.
contains_line,BOQ,CartItem,Union signature; validate the concrete class pair at ingestion time.
contains_line,RFQ,BOQItem,Union signature; validate the concrete class pair at ingestion time.
contains_line,RFQ,QuotationLine,Union signature; validate the concrete class pair at ingestion time.
contains_line,RFQ,PurchaseOrderLine,Union signature; validate the concrete class pair at ingestion time.
contains_line,RFQ,ProcurementLine,Union signature; validate the concrete class pair at ingestion time.
contains_line,RFQ,CartItem,Union signature; validate the concrete class pair at ingestion time.
contains_line,Quotation,BOQItem,Union signature; validate the concrete class pair at ingestion time.
contains_line,Quotation,QuotationLine,Union signature; validate the concrete class pair at ingestion time.
contains_line,Quotation,PurchaseOrderLine,Union signature; validate the concrete class pair at ingestion time.
contains_line,Quotation,ProcurementLine,Union signature; validate the concrete class pair at ingestion time.
contains_line,Quotation,CartItem,Union signature; validate the concrete class pair at ingestion time.
contains_line,PurchaseOrder,BOQItem,Union signature; validate the concrete class pair at ingestion time.
contains_line,PurchaseOrder,QuotationLine,Union signature; validate the concrete class pair at ingestion time.
contains_line,PurchaseOrder,PurchaseOrderLine,Union signature; validate the concrete class pair at ingestion time.
contains_line,PurchaseOrder,ProcurementLine,Union signature; validate the concrete class pair at ingestion time.
contains_line,PurchaseOrder,CartItem,Union signature; validate the concrete class pair at ingestion time.
contains_line,ProcurementRequest,BOQItem,Union signature; validate the concrete class pair at ingestion time.
contains_line,ProcurementRequest,QuotationLine,Union signature; validate the concrete class pair at ingestion time.
contains_line,ProcurementRequest,PurchaseOrderLine,Union signature; validate the concrete class pair at ingestion time.
contains_line,ProcurementRequest,ProcurementLine,Union signature; validate the concrete class pair at ingestion time.
contains_line,ProcurementRequest,CartItem,Union signature; validate the concrete class pair at ingestion time.
contains_line,Cart,BOQItem,Union signature; validate the concrete class pair at ingestion time.
contains_line,Cart,QuotationLine,Union signature; validate the concrete class pair at ingestion time.
contains_line,Cart,PurchaseOrderLine,Union signature; validate the concrete class pair at ingestion time.
contains_line,Cart,ProcurementLine,Union signature; validate the concrete class pair at ingestion time.
contains_line,Cart,CartItem,Union signature; validate the concrete class pair at ingestion time.
contains_line,CustomerOrder,BOQItem,Union signature; validate the concrete class pair at ingestion time.
contains_line,CustomerOrder,QuotationLine,Union signature; validate the concrete class pair at ingestion time.
contains_line,CustomerOrder,PurchaseOrderLine,Union signature; validate the concrete class pair at ingestion time.
contains_line,CustomerOrder,ProcurementLine,Union signature; validate the concrete class pair at ingestion time.
contains_line,CustomerOrder,CartItem,Union signature; validate the concrete class pair at ingestion time.
generates,Project,RFQ,Union signature; validate the concrete class pair at ingestion time.
generates,Project,BusinessEvent,Union signature; validate the concrete class pair at ingestion time.
generates,Project,AuditEvent,Union signature; validate the concrete class pair at ingestion time.
generates,Project,AIOutput,Union signature; validate the concrete class pair at ingestion time.
generates,Project,Notification,Union signature; validate the concrete class pair at ingestion time.
generates,ProcurementRequest,RFQ,Union signature; validate the concrete class pair at ingestion time.
generates,ProcurementRequest,BusinessEvent,Union signature; validate the concrete class pair at ingestion time.
generates,ProcurementRequest,AuditEvent,Union signature; validate the concrete class pair at ingestion time.
generates,ProcurementRequest,AIOutput,Union signature; validate the concrete class pair at ingestion time.
generates,ProcurementRequest,Notification,Union signature; validate the concrete class pair at ingestion time.
generates,PurchaseOrder,RFQ,Union signature; validate the concrete class pair at ingestion time.
generates,PurchaseOrder,BusinessEvent,Union signature; validate the concrete class pair at ingestion time.
generates,PurchaseOrder,AuditEvent,Union signature; validate the concrete class pair at ingestion time.
generates,PurchaseOrder,AIOutput,Union signature; validate the concrete class pair at ingestion time.
generates,PurchaseOrder,Notification,Union signature; validate the concrete class pair at ingestion time.
generates,Delivery,RFQ,Union signature; validate the concrete class pair at ingestion time.
generates,Delivery,BusinessEvent,Union signature; validate the concrete class pair at ingestion time.
generates,Delivery,AuditEvent,Union signature; validate the concrete class pair at ingestion time.
generates,Delivery,AIOutput,Union signature; validate the concrete class pair at ingestion time.
generates,Delivery,Notification,Union signature; validate the concrete class pair at ingestion time.
generates,Payment,RFQ,Union signature; validate the concrete class pair at ingestion time.
generates,Payment,BusinessEvent,Union signature; validate the concrete class pair at ingestion time.
generates,Payment,AuditEvent,Union signature; validate the concrete class pair at ingestion time.
generates,Payment,AIOutput,Union signature; validate the concrete class pair at ingestion time.
generates,Payment,Notification,Union signature; validate the concrete class pair at ingestion time.
generates,AIJob,RFQ,Union signature; validate the concrete class pair at ingestion time.
generates,AIJob,BusinessEvent,Union signature; validate the concrete class pair at ingestion time.
generates,AIJob,AuditEvent,Union signature; validate the concrete class pair at ingestion time.
generates,AIJob,AIOutput,Union signature; validate the concrete class pair at ingestion time.
generates,AIJob,Notification,Union signature; validate the concrete class pair at ingestion time.
fulfills,ProcurementLine,ProjectRequirement,Union signature; validate the concrete class pair at ingestion time.
fulfills,ProcurementLine,BOQItem,Union signature; validate the concrete class pair at ingestion time.
fulfills,ProcurementLine,ProductVariant,Union signature; validate the concrete class pair at ingestion time.
fulfills,ProcurementLine,ServiceOffering,Union signature; validate the concrete class pair at ingestion time.
fulfills,PurchaseOrderLine,ProjectRequirement,Union signature; validate the concrete class pair at ingestion time.
fulfills,PurchaseOrderLine,BOQItem,Union signature; validate the concrete class pair at ingestion time.
fulfills,PurchaseOrderLine,ProductVariant,Union signature; validate the concrete class pair at ingestion time.
fulfills,PurchaseOrderLine,ServiceOffering,Union signature; validate the concrete class pair at ingestion time.
fulfills,SupplierOrderLine,ProjectRequirement,Union signature; validate the concrete class pair at ingestion time.
fulfills,SupplierOrderLine,BOQItem,Union signature; validate the concrete class pair at ingestion time.
fulfills,SupplierOrderLine,ProductVariant,Union signature; validate the concrete class pair at ingestion time.
fulfills,SupplierOrderLine,ServiceOffering,Union signature; validate the concrete class pair at ingestion time.
responds_to,Quotation,RFQ,Union signature; validate the concrete class pair at ingestion time.
placed_with,PurchaseOrder,Organization,Union signature; validate the concrete class pair at ingestion time.
placed_with,CustomerOrder,Organization,Union signature; validate the concrete class pair at ingestion time.
splits_into,Cart,SupplierOrder,Union signature; validate the concrete class pair at ingestion time.
splits_into,Cart,PurchaseOrder,Union signature; validate the concrete class pair at ingestion time.
splits_into,CustomerOrder,SupplierOrder,Union signature; validate the concrete class pair at ingestion time.
splits_into,CustomerOrder,PurchaseOrder,Union signature; validate the concrete class pair at ingestion time.
fulfilled_by,SupplierOrder,Organization,Union signature; validate the concrete class pair at ingestion time.
fulfilled_by,SupplierOrder,Facility,Union signature; validate the concrete class pair at ingestion time.
fulfilled_by,CustomerOrder,Organization,Union signature; validate the concrete class pair at ingestion time.
fulfilled_by,CustomerOrder,Facility,Union signature; validate the concrete class pair at ingestion time.
bills,Invoice,Person,Union signature; validate the concrete class pair at ingestion time.
bills,Invoice,Organization,Union signature; validate the concrete class pair at ingestion time.
attempts_to_settle,PaymentIntent,Invoice,Union signature; validate the concrete class pair at ingestion time.
attempts_to_settle,PaymentIntent,Order,Union signature; validate the concrete class pair at ingestion time.
attempts_to_settle,PaymentIntent,Obligation,Union signature; validate the concrete class pair at ingestion time.
settles,Payment,Invoice,Union signature; validate the concrete class pair at ingestion time.
settles,Payment,PaymentCertificate,Union signature; validate the concrete class pair at ingestion time.
settles,Payment,Obligation,Union signature; validate the concrete class pair at ingestion time.
settles,Payment,Payment,Union signature; validate the concrete class pair at ingestion time.
settles,Settlement,Invoice,Union signature; validate the concrete class pair at ingestion time.
settles,Settlement,PaymentCertificate,Union signature; validate the concrete class pair at ingestion time.
settles,Settlement,Obligation,Union signature; validate the concrete class pair at ingestion time.
settles,Settlement,Payment,Union signature; validate the concrete class pair at ingestion time.
allocates,Settlement,Payment,Union signature; validate the concrete class pair at ingestion time.
allocates,Settlement,Organization,Union signature; validate the concrete class pair at ingestion time.
allocates,Settlement,Fee,Union signature; validate the concrete class pair at ingestion time.
allocates,Settlement,Tax,Union signature; validate the concrete class pair at ingestion time.
finances,FinancingApplication,Project,Union signature; validate the concrete class pair at ingestion time.
finances,FinancingApplication,ProcurementRequest,Union signature; validate the concrete class pair at ingestion time.
finances,FinancingApplication,Order,Union signature; validate the concrete class pair at ingestion time.
finances,FinancingApplication,Payroll,Union signature; validate the concrete class pair at ingestion time.
finances,Loan,Project,Union signature; validate the concrete class pair at ingestion time.
finances,Loan,ProcurementRequest,Union signature; validate the concrete class pair at ingestion time.
finances,Loan,Order,Union signature; validate the concrete class pair at ingestion time.
finances,Loan,Payroll,Union signature; validate the concrete class pair at ingestion time.
moves,DeliveryRequest,Shipment,Union signature; validate the concrete class pair at ingestion time.
moves,DeliveryRequest,ProductVariant,Union signature; validate the concrete class pair at ingestion time.
moves,DeliveryRequest,Asset,Union signature; validate the concrete class pair at ingestion time.
moves,ReturnMovement,Shipment,Union signature; validate the concrete class pair at ingestion time.
moves,ReturnMovement,ProductVariant,Union signature; validate the concrete class pair at ingestion time.
moves,ReturnMovement,Asset,Union signature; validate the concrete class pair at ingestion time.
assigns,DispatchAssignment,Carrier,Union signature; validate the concrete class pair at ingestion time.
assigns,DispatchAssignment,Vehicle,Union signature; validate the concrete class pair at ingestion time.
assigns,DispatchAssignment,Driver,Union signature; validate the concrete class pair at ingestion time.
assigns,DispatchAssignment,TransportRoute,Union signature; validate the concrete class pair at ingestion time.
originates_at,TransportRoute,Facility,Union signature; validate the concrete class pair at ingestion time.
originates_at,TransportRoute,Site,Union signature; validate the concrete class pair at ingestion time.
originates_at,TransportRoute,Address,Union signature; validate the concrete class pair at ingestion time.
originates_at,Shipment,Facility,Union signature; validate the concrete class pair at ingestion time.
originates_at,Shipment,Site,Union signature; validate the concrete class pair at ingestion time.
originates_at,Shipment,Address,Union signature; validate the concrete class pair at ingestion time.
destines_at,TransportRoute,Site,Union signature; validate the concrete class pair at ingestion time.
destines_at,TransportRoute,Address,Union signature; validate the concrete class pair at ingestion time.
destines_at,TransportRoute,Person,Union signature; validate the concrete class pair at ingestion time.
destines_at,TransportRoute,Organization,Union signature; validate the concrete class pair at ingestion time.
destines_at,Shipment,Site,Union signature; validate the concrete class pair at ingestion time.
destines_at,Shipment,Address,Union signature; validate the concrete class pair at ingestion time.
destines_at,Shipment,Person,Union signature; validate the concrete class pair at ingestion time.
destines_at,Shipment,Organization,Union signature; validate the concrete class pair at ingestion time.
destines_at,Delivery,Site,Union signature; validate the concrete class pair at ingestion time.
destines_at,Delivery,Address,Union signature; validate the concrete class pair at ingestion time.
destines_at,Delivery,Person,Union signature; validate the concrete class pair at ingestion time.
destines_at,Delivery,Organization,Union signature; validate the concrete class pair at ingestion time.
has_estimate,TransportRoute,RouteEstimate,Union signature; validate the concrete class pair at ingestion time.
executes,Delivery,DeliveryRequest,Union signature; validate the concrete class pair at ingestion time.
executes,Delivery,Shipment,Union signature; validate the concrete class pair at ingestion time.
evidenced_by,Delivery,Evidence,Union signature; validate the concrete class pair at ingestion time.
evidenced_by,Delivery,ProofOfPickup,Union signature; validate the concrete class pair at ingestion time.
evidenced_by,Delivery,ProofOfDelivery,Union signature; validate the concrete class pair at ingestion time.
evidenced_by,Delivery,DocumentVersion,Union signature; validate the concrete class pair at ingestion time.
evidenced_by,Payment,Evidence,Union signature; validate the concrete class pair at ingestion time.
evidenced_by,Payment,ProofOfPickup,Union signature; validate the concrete class pair at ingestion time.
evidenced_by,Payment,ProofOfDelivery,Union signature; validate the concrete class pair at ingestion time.
evidenced_by,Payment,DocumentVersion,Union signature; validate the concrete class pair at ingestion time.
evidenced_by,Inspection,Evidence,Union signature; validate the concrete class pair at ingestion time.
evidenced_by,Inspection,ProofOfPickup,Union signature; validate the concrete class pair at ingestion time.
evidenced_by,Inspection,ProofOfDelivery,Union signature; validate the concrete class pair at ingestion time.
evidenced_by,Inspection,DocumentVersion,Union signature; validate the concrete class pair at ingestion time.
evidenced_by,Approval,Evidence,Union signature; validate the concrete class pair at ingestion time.
evidenced_by,Approval,ProofOfPickup,Union signature; validate the concrete class pair at ingestion time.
evidenced_by,Approval,ProofOfDelivery,Union signature; validate the concrete class pair at ingestion time.
evidenced_by,Approval,DocumentVersion,Union signature; validate the concrete class pair at ingestion time.
evidenced_by,Claim,Evidence,Union signature; validate the concrete class pair at ingestion time.
evidenced_by,Claim,ProofOfPickup,Union signature; validate the concrete class pair at ingestion time.
evidenced_by,Claim,ProofOfDelivery,Union signature; validate the concrete class pair at ingestion time.
evidenced_by,Claim,DocumentVersion,Union signature; validate the concrete class pair at ingestion time.
updates,Delivery,InventoryPosition,Union signature; validate the concrete class pair at ingestion time.
updates,Delivery,SiteInventory,Union signature; validate the concrete class pair at ingestion time.
updates,GoodsReceipt,InventoryPosition,Union signature; validate the concrete class pair at ingestion time.
updates,GoodsReceipt,SiteInventory,Union signature; validate the concrete class pair at ingestion time.
updates,InventoryEvent,InventoryPosition,Union signature; validate the concrete class pair at ingestion time.
updates,InventoryEvent,SiteInventory,Union signature; validate the concrete class pair at ingestion time.
creates_obligation,Contract,Obligation,Union signature; validate the concrete class pair at ingestion time.
creates_obligation,Contract,ConditionPrecedent,Union signature; validate the concrete class pair at ingestion time.
creates_obligation,Rule,Obligation,Union signature; validate the concrete class pair at ingestion time.
creates_obligation,Rule,ConditionPrecedent,Union signature; validate the concrete class pair at ingestion time.
creates_obligation,Approval,Obligation,Union signature; validate the concrete class pair at ingestion time.
creates_obligation,Approval,ConditionPrecedent,Union signature; validate the concrete class pair at ingestion time.
performed_by,Obligation,PartyRole,Union signature; validate the concrete class pair at ingestion time.
performed_by,Obligation,ProjectRoleAssignment,Union signature; validate the concrete class pair at ingestion time.
performed_by,Obligation,Person,Union signature; validate the concrete class pair at ingestion time.
performed_by,Obligation,Organization,Union signature; validate the concrete class pair at ingestion time.
performed_by,Installation,PartyRole,Union signature; validate the concrete class pair at ingestion time.
performed_by,Installation,ProjectRoleAssignment,Union signature; validate the concrete class pair at ingestion time.
performed_by,Installation,Person,Union signature; validate the concrete class pair at ingestion time.
performed_by,Installation,Organization,Union signature; validate the concrete class pair at ingestion time.
performed_by,Inspection,PartyRole,Union signature; validate the concrete class pair at ingestion time.
performed_by,Inspection,ProjectRoleAssignment,Union signature; validate the concrete class pair at ingestion time.
performed_by,Inspection,Person,Union signature; validate the concrete class pair at ingestion time.
performed_by,Inspection,Organization,Union signature; validate the concrete class pair at ingestion time.
performed_by,Measurement,PartyRole,Union signature; validate the concrete class pair at ingestion time.
performed_by,Measurement,ProjectRoleAssignment,Union signature; validate the concrete class pair at ingestion time.
performed_by,Measurement,Person,Union signature; validate the concrete class pair at ingestion time.
performed_by,Measurement,Organization,Union signature; validate the concrete class pair at ingestion time.
performed_by,Valuation,PartyRole,Union signature; validate the concrete class pair at ingestion time.
performed_by,Valuation,ProjectRoleAssignment,Union signature; validate the concrete class pair at ingestion time.
performed_by,Valuation,Person,Union signature; validate the concrete class pair at ingestion time.
performed_by,Valuation,Organization,Union signature; validate the concrete class pair at ingestion time.
due_by,Obligation,Milestone,Union signature; validate the concrete class pair at ingestion time.
due_by,Obligation,Deadline,Union signature; validate the concrete class pair at ingestion time.
due_by,Obligation,ProjectPhase,Union signature; validate the concrete class pair at ingestion time.
due_by,Task,Milestone,Union signature; validate the concrete class pair at ingestion time.
due_by,Task,Deadline,Union signature; validate the concrete class pair at ingestion time.
due_by,Task,ProjectPhase,Union signature; validate the concrete class pair at ingestion time.
due_by,ProcurementLine,Milestone,Union signature; validate the concrete class pair at ingestion time.
due_by,ProcurementLine,Deadline,Union signature; validate the concrete class pair at ingestion time.
due_by,ProcurementLine,ProjectPhase,Union signature; validate the concrete class pair at ingestion time.
tests_or_inspects,Inspection,BuildingElement,Union signature; validate the concrete class pair at ingestion time.
tests_or_inspects,Inspection,Product,Union signature; validate the concrete class pair at ingestion time.
tests_or_inspects,Inspection,Delivery,Union signature; validate the concrete class pair at ingestion time.
tests_or_inspects,Inspection,Installation,Union signature; validate the concrete class pair at ingestion time.
tests_or_inspects,Test,BuildingElement,Union signature; validate the concrete class pair at ingestion time.
tests_or_inspects,Test,Product,Union signature; validate the concrete class pair at ingestion time.
tests_or_inspects,Test,Delivery,Union signature; validate the concrete class pair at ingestion time.
tests_or_inspects,Test,Installation,Union signature; validate the concrete class pair at ingestion time.
produces_result,Inspection,Acceptance,Union signature; validate the concrete class pair at ingestion time.
produces_result,Inspection,Nonconformance,Union signature; validate the concrete class pair at ingestion time.
produces_result,Inspection,Defect,Union signature; validate the concrete class pair at ingestion time.
produces_result,Test,Acceptance,Union signature; validate the concrete class pair at ingestion time.
produces_result,Test,Nonconformance,Union signature; validate the concrete class pair at ingestion time.
produces_result,Test,Defect,Union signature; validate the concrete class pair at ingestion time.
corrected_by,Defect,CorrectiveAction,Union signature; validate the concrete class pair at ingestion time.
corrected_by,Nonconformance,CorrectiveAction,Union signature; validate the concrete class pair at ingestion time.
corrected_by,Issue,CorrectiveAction,Union signature; validate the concrete class pair at ingestion time.
corrected_by,Risk,CorrectiveAction,Union signature; validate the concrete class pair at ingestion time.
modifies,Variation,Contract,Union signature; validate the concrete class pair at ingestion time.
modifies,Variation,Scope,Union signature; validate the concrete class pair at ingestion time.
modifies,Variation,BOQ,Union signature; validate the concrete class pair at ingestion time.
modifies,Variation,Programme,Union signature; validate the concrete class pair at ingestion time.
modifies,Variation,ProjectRequirement,Union signature; validate the concrete class pair at ingestion time.
modifies,ChangeOrder,Contract,Union signature; validate the concrete class pair at ingestion time.
modifies,ChangeOrder,Scope,Union signature; validate the concrete class pair at ingestion time.
modifies,ChangeOrder,BOQ,Union signature; validate the concrete class pair at ingestion time.
modifies,ChangeOrder,Programme,Union signature; validate the concrete class pair at ingestion time.
modifies,ChangeOrder,ProjectRequirement,Union signature; validate the concrete class pair at ingestion time.
modifies,ContractVersion,Contract,Union signature; validate the concrete class pair at ingestion time.
modifies,ContractVersion,Scope,Union signature; validate the concrete class pair at ingestion time.
modifies,ContractVersion,BOQ,Union signature; validate the concrete class pair at ingestion time.
modifies,ContractVersion,Programme,Union signature; validate the concrete class pair at ingestion time.
modifies,ContractVersion,ProjectRequirement,Union signature; validate the concrete class pair at ingestion time.
arises_from,Claim,BusinessEvent,Union signature; validate the concrete class pair at ingestion time.
arises_from,Claim,Notice,Union signature; validate the concrete class pair at ingestion time.
arises_from,Claim,Contract,Union signature; validate the concrete class pair at ingestion time.
arises_from,Dispute,BusinessEvent,Union signature; validate the concrete class pair at ingestion time.
arises_from,Dispute,Notice,Union signature; validate the concrete class pair at ingestion time.
arises_from,Dispute,Contract,Union signature; validate the concrete class pair at ingestion time.
arises_from,Variation,BusinessEvent,Union signature; validate the concrete class pair at ingestion time.
arises_from,Variation,Notice,Union signature; validate the concrete class pair at ingestion time.
arises_from,Variation,Contract,Union signature; validate the concrete class pair at ingestion time.
secures,Bond,Contract,Union signature; validate the concrete class pair at ingestion time.
secures,Bond,Obligation,Union signature; validate the concrete class pair at ingestion time.
secures,Bond,Project,Union signature; validate the concrete class pair at ingestion time.
secures,Guarantee,Contract,Union signature; validate the concrete class pair at ingestion time.
secures,Guarantee,Obligation,Union signature; validate the concrete class pair at ingestion time.
secures,Guarantee,Project,Union signature; validate the concrete class pair at ingestion time.
secures,InsurancePolicy,Contract,Union signature; validate the concrete class pair at ingestion time.
secures,InsurancePolicy,Obligation,Union signature; validate the concrete class pair at ingestion time.
secures,InsurancePolicy,Project,Union signature; validate the concrete class pair at ingestion time.
has_verification_case,Person,VerificationCase,Union signature; validate the concrete class pair at ingestion time.
has_verification_case,Organization,VerificationCase,Union signature; validate the concrete class pair at ingestion time.
has_verification_case,Vehicle,VerificationCase,Union signature; validate the concrete class pair at ingestion time.
has_verification_case,Facility,VerificationCase,Union signature; validate the concrete class pair at ingestion time.
has_verification_case,Project,VerificationCase,Union signature; validate the concrete class pair at ingestion time.
has_check,VerificationCase,VerificationCheck,Union signature; validate the concrete class pair at ingestion time.
supported_by,VerificationCheck,VerificationEvidence,Union signature; validate the concrete class pair at ingestion time.
supported_by,VerificationCheck,Evidence,Union signature; validate the concrete class pair at ingestion time.
supported_by,VerificationCheck,ProvenanceRecord,Union signature; validate the concrete class pair at ingestion time.
supported_by,RuleApplicability,VerificationEvidence,Union signature; validate the concrete class pair at ingestion time.
supported_by,RuleApplicability,Evidence,Union signature; validate the concrete class pair at ingestion time.
supported_by,RuleApplicability,ProvenanceRecord,Union signature; validate the concrete class pair at ingestion time.
supported_by,Recommendation,VerificationEvidence,Union signature; validate the concrete class pair at ingestion time.
supported_by,Recommendation,Evidence,Union signature; validate the concrete class pair at ingestion time.
supported_by,Recommendation,ProvenanceRecord,Union signature; validate the concrete class pair at ingestion time.
supported_by,Claim,VerificationEvidence,Union signature; validate the concrete class pair at ingestion time.
supported_by,Claim,Evidence,Union signature; validate the concrete class pair at ingestion time.
supported_by,Claim,ProvenanceRecord,Union signature; validate the concrete class pair at ingestion time.
supported_by,PaymentCertificate,VerificationEvidence,Union signature; validate the concrete class pair at ingestion time.
supported_by,PaymentCertificate,Evidence,Union signature; validate the concrete class pair at ingestion time.
supported_by,PaymentCertificate,ProvenanceRecord,Union signature; validate the concrete class pair at ingestion time.
caused_by,BusinessEvent,Actor,Union signature; validate the concrete class pair at ingestion time.
caused_by,BusinessEvent,BusinessEvent,Union signature; validate the concrete class pair at ingestion time.
caused_by,BusinessEvent,AIJob,Union signature; validate the concrete class pair at ingestion time.
caused_by,StateTransition,Actor,Union signature; validate the concrete class pair at ingestion time.
caused_by,StateTransition,BusinessEvent,Union signature; validate the concrete class pair at ingestion time.
caused_by,StateTransition,AIJob,Union signature; validate the concrete class pair at ingestion time.
caused_by,AuditEvent,Actor,Union signature; validate the concrete class pair at ingestion time.
caused_by,AuditEvent,BusinessEvent,Union signature; validate the concrete class pair at ingestion time.
caused_by,AuditEvent,AIJob,Union signature; validate the concrete class pair at ingestion time.
affects,BusinessEvent,Entity,Union signature; validate the concrete class pair at ingestion time.
affects,BusinessEvent,Project,Union signature; validate the concrete class pair at ingestion time.
affects,BusinessEvent,Product,Union signature; validate the concrete class pair at ingestion time.
affects,BusinessEvent,Order,Union signature; validate the concrete class pair at ingestion time.
affects,BusinessEvent,Payment,Union signature; validate the concrete class pair at ingestion time.
affects,BusinessEvent,Delivery,Union signature; validate the concrete class pair at ingestion time.
affects,Decision,Entity,Union signature; validate the concrete class pair at ingestion time.
affects,Decision,Project,Union signature; validate the concrete class pair at ingestion time.
affects,Decision,Product,Union signature; validate the concrete class pair at ingestion time.
affects,Decision,Order,Union signature; validate the concrete class pair at ingestion time.
affects,Decision,Payment,Union signature; validate the concrete class pair at ingestion time.
affects,Decision,Delivery,Union signature; validate the concrete class pair at ingestion time.
affects,Recommendation,Entity,Union signature; validate the concrete class pair at ingestion time.
affects,Recommendation,Project,Union signature; validate the concrete class pair at ingestion time.
affects,Recommendation,Product,Union signature; validate the concrete class pair at ingestion time.
affects,Recommendation,Order,Union signature; validate the concrete class pair at ingestion time.
affects,Recommendation,Payment,Union signature; validate the concrete class pair at ingestion time.
affects,Recommendation,Delivery,Union signature; validate the concrete class pair at ingestion time.
records,AuditEvent,Entity,Union signature; validate the concrete class pair at ingestion time.
records,AuditEvent,ActionRequest,Union signature; validate the concrete class pair at ingestion time.
records,AuditEvent,AccessGrant,Union signature; validate the concrete class pair at ingestion time.
reads,AIJob,Entity,Union signature; validate the concrete class pair at ingestion time.
reads,AIJob,DocumentVersion,Union signature; validate the concrete class pair at ingestion time.
reads,AIJob,KnowledgeAssertion,Union signature; validate the concrete class pair at ingestion time.
delivered_to,Notification,UserAccount,Union signature; validate the concrete class pair at ingestion time.
delivered_to,Notification,Organization,Union signature; validate the concrete class pair at ingestion time.
